tipocomprobantecodigo,comprobantecodigo
FACA2,2318
FACB2,6883
FACB2,6884
FACB2,6885
FACA2,2319
FACA2,2320
FACA2,2321
FACB2,6886
FACA2,2322
FACA2,2323
FACA2,2324
FACA2,2325
FACA2,2326
FACB2,6887
FACB2,6888
FACB2,6889
FACB2,6890
FACB2,6891
FACB2,6892
FACB2,6893
FACB2,6894
FACB2,6895
FACB2,6896
FACB2,6897
FACB2,6898
FAECA,89
FAECA,90
FACA2,2327
FACA2,2328
FACA2,2329
FACA2,2330
FACA2,2331
FACB2,6899
FACB2,6900
FACB2,6901
FACB2,6902
FACB2,6903
FACB2,6904
FACB2,6905
FACB2,6906
FACB2,6907
FACB2,6908
FACB2,6909
FACB2,6911
FACB2,6912
FAECA,91
FACA2,2332
FACB2,6913
FACB2,6914
FACB2,6915
FACB2,6916
FACB2,6917
FACB2,6918
FACB2,6919
FACB2,6920
FAECA,92
FACA2,2333
FACA2,2334
FACA2,2335
FACA2,2336
FACA2,2337
FACB2,6921
FACB2,6922
FACB2,6923
FACB2,6924
FACB2,6925
FACB2,6926
FACB2,6927
FACB2,6928
FACB2,6929
FACB2,6930
FACB2,6931
FACB2,6932
FACB2,6933
FACB2,6934
FACB2,6935
FACB2,6936
FACB2,6937
FACB2,6938
FACB2,6939
FACB2,6940
FACB2,6941
FACB2,6942
FACB2,6943
FACB2,6944
FACB2,6945
FACB2,6946
FACB2,6947
FAECA,93
FAECA,94
FAECA,95
FAECA,96
FAECA,97
FACA2,2338
FACA2,2339
FACA2,2340
FACA2,2341
FACA2,2342
FACA2,2343
FACB2,6948
FACB2,6949
FACB2,6950
FACB2,6951
FACB2,6952
FACB2,6953
FACB2,6954
FACB2,6955
FACB2,6956
FACB2,6957
FACB2,6958
FACB2,6959
FACB2,6960
FACB2,6961
FACB2,6962
FACB2,6963
FACB2,6964
FACB2,6965
FACB2,6966
FACB2,6967
FACB2,6968
FACA2,2344
FACA2,2345
FACA2,2346
FACA2,2347
FACA2,2348
FACA2,2349
FACB2,6969
FACB2,6970
FACB2,6971
FACB2,6972
FACB2,6973
FACB2,6974
FACB2,6975
FACB2,6976
FACB2,6977
FACB2,6978
FACB2,6979
FACB2,6980
FACA2,2350
FACA2,2351
FACA2,2352
FACB2,6981
FACB2,6982
FACB2,6983
FACB2,6984
FACB2,6985
FACB2,6986
FACB2,6987
FACB2,6988
FACB2,6989
FACB2,6990
FAECA,98
FACA2,2353
FACA2,2354
FACA2,2355
FACA2,2356
FACA2,2357
FACA2,2358
FACA2,2359
FACB2,6991
FACB2,6992
FACB2,6993
FACB2,6994
FACB2,6995
FACB2,6996
FACB2,6997
FACB2,6998
FACB2,6999
FACB2,7000
FACB2,7001
FACB2,7002
FAECA,99
FAECA,100
FAECA,101
FACA2,2360
FACA2,2361
FACA2,2362
FACA2,2363
FACB2,7003
FACB2,7004
FACB2,7005
FACB2,7006
FACB2,7007
FACB2,7008
FACB2,7009
FACB2,7010
FACB2,7011
FACB2,7012
FACB2,7013
FACB2,7014
FACB2,7015
FACB2,7016
FACB2,7017
FACB2,7018
FACB2,7019
FACB2,7020
FACB2,7021
FACB2,7022
FACB2,7023
FACB2,7024
FACB2,7025
FACB2,7026
FACB2,7027
FAECA,102
FAECA,103
FAECA,104
FACA2,2364
FACA2,2365
FACA2,2366
FACA2,2367
FACA2,2368
FACB2,7028
FACB2,7029
FACB2,7030
FACB2,7031
FACB2,7032
FACB2,7033
FACB2,7034
FACB2,7035
FACB2,7036
FACB2,7037
FACB2,7038
FACB2,7039
FACB2,7040
FACB2,7041
FACB2,7042
FACB2,7043
FACB2,7044
FACA2,2369
FACA2,2370
FACB2,7045
FACB2,7046
FACB2,7047
FACB2,7048
FACB2,7049
FACB2,7050
FACB2,7051
FACB2,7052
FACB2,7053
FACB2,7054
FAECA,105
FAECA,106
FAECA,107
FACA2,2371
FACA2,2372
FACA2,2373
FACA2,2374
FACA2,2375
FACB2,7055
FACB2,7056
FACB2,7057
FACB2,7058
FACB2,7059
FACB2,7060
FACB2,7061
FACB2,7062
FACB2,7063
FACB2,7064
FACB2,7065
FAECA,108
FAECA,109
FACA2,2376
FACA2,2377
FACB2,7066
FACB2,7067
FACB2,7068
FACB2,7069
FAECA,110
FAECA,111
FAECA,112
FACA2,2378
FACA2,2379
FACA2,2380
FACB2,7070
FACB2,7071
FACB2,7072
FACB2,7073
FACB2,7074
FACB2,7075
FACB2,7076
FACB2,7077
FACB2,7078
FACB2,7079
FACB2,7080
FACB2,7081
FACB2,7082
FACB2,7083
FACB2,7084
FACB2,7085
FACB2,7086
FACB2,7087
FACB2,7088
FACB2,7089
FACB2,7090
FACB2,7091
FACB2,7092
FACB2,7093
FACB2,7094
FACB2,7095
FACB2,7096
FACB2,7097
FACB2,7098
FACB2,7099
FACB2,7100
FACB2,7101
FACB2,7102
FAECA,113
FAECA,114
FAECA,115
FACA2,2381
FACA2,2382
FACA2,2383
FACA2,2384
FACA2,2385
FACA2,2386
FACA2,2387
FACA2,2388
FACA2,2389
FACA2,2390
FACA2,2391
FACA2,2392
FACB2,7103
FACB2,7104
FACB2,7105
FACB2,7106
FACB2,7107
FACB2,7108
FACB2,7109
FACB2,7110
FACB2,7111
FACB2,7112
FACB2,7113
FACB2,7114
FACB2,7115
FACB2,7116
FACB2,7117
FACB2,7118
FACB2,7119
FACB2,7120
FACB2,7121
FACB2,7122
FACB2,7123
FACB2,7124
FACB2,7125
FACB2,7126
FACB2,7127
FACB2,7128
FACB2,7129
FACB2,7130
FACB2,7131
FAECA,116
FAECA,117
FACA2,2393
FACB2,7132
FACB2,7133
FACB2,7134
FACB2,7135
FACB2,7136
FACB2,7137
FACB2,7138
FACB2,7139
FACB2,7140
FACB2,7141
FACB2,7142
FACB2,7143
FACB2,7144
FACB2,7145
FACB2,7146
FACA2,2394
FACA2,2395
FACA2,2396
FACA2,2397
FACA2,2398
FACA2,2399
FACA2,2400
FACA2,2401
FACA2,2402
FACA2,2403
FACA2,2404
FACA2,2405
FACA2,2406
FACA2,2407
FACB2,7147
FACB2,7148
FACB2,7149
FACB2,7150
FACB2,7151
FACB2,7152
FACB2,7153
FACB2,7154
FACB2,7155
FACB2,7156
FACB2,7157
FACB2,7158
FACB2,7159
FACB2,7160
FACB2,7161
FACB2,7162
FACB2,7163
FACB2,7164
FACB2,7165
FACB2,7166
FACB2,7167
FACB2,7168
FACA2,2408
FACA2,2409
FACB2,7169
FACB2,7170
FACB2,7171
FACB2,7173
FACA2,2410
FACB2,7175
FAECA,118
FACA2,2411
FACA2,2412
FACA2,2413
FACB2,7176
FACB2,7177
FACB2,7178
FACB2,7179
FACB2,7180
FACB2,7181
FACB2,7182
FAECA,119
FAECA,120
FACA2,2414
FACA2,2415
FACA2,2416
FACB2,7183
FACB2,7184
FACB2,7185
FACB2,7186
FACB2,7187
FACB2,7188
FACB2,7189
FACB2,7190
FACB2,7191
FACB2,7192
FACB2,7193
FAECA,121
FACA2,2417
FACB2,7194
FACB2,7195
FACB2,7196
FACB2,7197
FACB2,7198
FACB2,7199
FACB2,7200
FACA2,2418
FACA2,2419
FACA2,2420
FACB2,7201
FACB2,7202
FACB2,7203
FACB2,7204
FACB2,7205
FACB2,7206
FACB2,7207
FACB2,7208
FACB2,7209
FACB2,7210
FACB2,7211
FACB2,7212
FACB2,7213
FACB2,7214
FACB2,7215
FACB2,7216
FACB2,7217
FACB2,7218
FACB2,7219
FACB2,7220
FACB2,7221
FACB2,7222
FACB2,7223
FAECA,122
FAECA,123
FACA2,2421
FACA2,2422
FACA2,2423
FACA2,2424
FACA2,2425
FACB2,7224
FACB2,7225
FACB2,7226
FACB2,7227
FACB2,7228
FACB2,7229
FACB2,7230
FACB2,7231
FACB2,7232
FACB2,7233
FACB2,7234
FACB2,7235
FACB2,7236
FACB2,7237
FACB2,7238
FACB2,7239
FACB2,7240
FACB2,7241
FAECA,124
FAECA,125
FAECA,126
FACA2,2426
FACA2,2427
FACA2,2428
FACB2,7242
FACB2,7243
FACB2,7244
FACB2,7245
FACB2,7246
FACB2,7247
FACB2,7248
FACB2,7249
FACB2,7250
FACB2,7251
FACB2,7252
FAECA,127
FAECA,128
FACA2,2429
FACA2,2430
FACA2,2431
FACA2,2432
FACB2,7253
FACB2,7254
FACB2,7255
FACB2,7256
FACB2,7257
FACB2,7258
FACB2,7259
FACB2,7260
FACB2,7261
FACB2,7262
FACB2,7263
FACB2,7264
FAECA,129
FAECA,130
FACB2,7265
FACB2,7266
FACB2,7267
FACB2,7268
FACB2,7269
FACB2,7270
FACB2,7271
FACB2,7272
FACB2,7273
FACA2,2433
FACA2,2434
FACA2,2435
FACB2,7274
FACB2,7275
FACB2,7276
FACB2,7277
FACB2,7278
FAECA,131
FACA2,2436
FACB2,7279
FACB2,7280
FACB2,7281
FACB2,7282
FACB2,7283
FACB2,7284
FACB2,7285
FACB2,7286
FACB2,7287
FACB2,7288
FACB2,7289
FACB2,7290
FACB2,7291
FACB2,7292
FACB2,7293
FAECA,132
FACA2,2437
FACA2,2438
FACA2,2439
FACA2,2440
FACA2,2441
FACA2,2442
FACB2,7294
FACB2,7295
FACB2,7296
FACB2,7297
FACB2,7298
FACB2,7299
FACB2,7300
FACB2,7301
FACB2,7302
FACB2,7303
FACB2,7304
FACB2,7305
FACB2,7306
FACB2,7307
FACB2,7308
FACB2,7309
FACB2,7310
FACB2,7311
FACB2,7312
FACB2,7313
FACB2,7314
FACB2,7315
FACB2,7316
FACB2,7317
FACB2,7318
FACB2,7319
FAECA,133
FAECA,134
FAECA,135
FAECA,136
FACA2,2443
FACA2,2444
FACA2,2445
FACA2,2446
FACA2,2447
FACA2,2448
FACB2,7320
FACB2,7321
FACB2,7322
FACB2,7323
FACB2,7324
FACB2,7325
FACB2,7326
FACB2,7327
FACB2,7328
FACB2,7329
FACB2,7330
FACB2,7331
FACB2,7332
FACB2,7333
FACB2,7334
FACB2,7335
FACB2,7336
FACB2,7337
FACB2,7338
FACB2,7339
FACB2,7340
FACB2,7341
FACB2,7342
FACB2,7343
FACB2,7344
FACB2,7345
FACB2,7346
FACB2,7347
FACB2,7348
FACB2,7349
FACB2,7350
FACB2,7351
FACB2,7352
FACB2,7353
FACB2,7354
FACB2,7355
FACB2,7356
FACB2,7357
FAECA,137
FACA2,2449
FACA2,2450
FACA2,2451
FACA2,2452
FACA2,2453
FACA2,2454
FACA2,2455
FACA2,2456
FACA2,2457
FACA2,2458
FACA2,2459
FACB2,7358
FACB2,7359
FACB2,7360
FACB2,7361
FACB2,7362
FACB2,7363
FACB2,7364
FACB2,7365
FACB2,7366
FACB2,7367
FACB2,7368
FACB2,7369
FACB2,7370
FACB2,7371
FACB2,7372
FACB2,7373
FACB2,7374
FACB2,7375
FACB2,7376
FACB2,7377
FACB2,7378
FACB2,7379
FACB2,7380
FACB2,7381
FACB2,7382
FACB2,7383
FACB2,7384
FACB2,7385
FACB2,7386
FACB2,7387
FACB2,7388
FACB2,7389
FACB2,7390
FACB2,7391
FACB2,7392
FACB2,7393
FAECA,138
FAECA,139
FAECA,140
FACA2,2460
FACA2,2461
FACA2,2462
FACA2,2463
FACA2,2464
FACA2,2465
FACA2,2466
FACB2,7394
FACB2,7395
FACB2,7396
FACB2,7397
FACB2,7398
FACB2,7399
FACB2,7400
FACB2,7401
FACB2,7402
FACB2,7403
FACB2,7404
FACB2,7405
FACB2,7406
FACB2,7407
FACB2,7408
FACB2,7409
FACB2,7410
FACB2,7411
FACB2,7412
FACB2,7413
FACB2,7414
FACB2,7415
FACB2,7416
FACB2,7417
FACB2,7418
FACB2,7419
FAECA,141
FAECA,142
FAECA,143
FAECA,144
FACA2,2467
FACA2,2468
FACA2,2469
FACA2,2470
FACA2,2471
FACA2,2472
FACA2,2473
FACA2,2474
FACA2,2475
FACA2,2476
FACA2,2477
FACA2,2478
FACA2,2479
FACA2,2480
FACA2,2481
FACA2,2482
FACA2,2483
FACA2,2484
FACA2,2485
FACA2,2486
FACA2,2487
FACA2,2488
FACA2,2489
FACB2,7420
FACB2,7421
FACB2,7422
FACB2,7423
FACB2,7424
FACB2,7425
FACB2,7426
FACB2,7427
FACB2,7428
FACB2,7429
FACB2,7430
FACB2,7431
FACB2,7432
FACB2,7433
FACB2,7434
FACB2,7435
FACB2,7436
FACB2,7437
FACB2,7438
FACB2,7439
FACB2,7440
FACB2,7441
FACB2,7442
FACB2,7443
FACB2,7444
FACB2,7445
FACB2,7446
FACB2,7447
FACB2,7448
FACB2,7449
FACB2,7450
FACB2,7451
FACB2,7452
FACB2,7453
FACB2,7454
FACB2,7455
FACB2,7456
FACB2,7457
FACB2,7458
FACB2,7459
FACB2,7460
FACB2,7461
FACB2,7462
FACB2,7463
FACB2,7464
FACB2,7465
FACB2,7466
FACB2,7467
FACB2,7468
FACA2,2490
FACB2,7470
FACA2,2491
FACA2,2492
FACA2,2493
FACA2,2494
FACB2,7471
FACB2,7472
FACB2,7473
FACB2,7474
FACB2,7475
FACB2,7476
FACB2,7477
FACB2,7478
FACB2,7479
FACB2,7480
FACB2,7482
FACB2,7483
FACB2,7484
FACB2,7485
FACB2,7486
FACB2,7487
FACB2,7488
FACB2,7489
FACB2,7490
FACB2,7491
FACB2,7492
FACB2,7493
FACB2,7494
FACB2,7495
FAECA,145
FACA2,2495
FACA2,2496
FACA2,2497
FACB2,7496
FACB2,7497
FACB2,7498
FACB2,7499
FACB2,7500
FACB2,7501
FACB2,7502
FAECA,146
FAECA,147
FACA2,2498
FACA2,2499
FACA2,2500
FACA2,2501
FACA2,2502
FACA2,2503
FACB2,7503
FACB2,7504
FACB2,7505
FACB2,7506
FACB2,7507
FACB2,7508
FACB2,7509
FACB2,7510
FACB2,7511
FACB2,7512
FACB2,7513
FACB2,7514
FACB2,7515
FACB2,7516
FACB2,7517
FACB2,7518
FACB2,7519
FACB2,7520
FACB2,7521
FACB2,7522
FACB2,7523
FACB2,7524
FACB2,7525
FAECA,148
FACA2,2504
FACA2,2505
FACA2,2506
FACB2,7526
FACB2,7527
FACB2,7528
FACB2,7529
FACB2,7530
FACB2,7531
FACB2,7532
FACB2,7533
FACB2,7534
FACB2,7535
FACB2,7536
FACB2,7537
FACB2,7538
FACB2,7539
FACB2,7540
FACB2,7541
FACB2,7542
FACB2,7543
FACB2,7544
FACB2,7545
FACB2,7546
FACB2,7547
FACB2,7548
FACB2,7549
FACB2,7550
FACB2,7551
FACB2,7552
FACB2,7553
FACB2,7554
FAECA,149
FACA2,2507
FACA2,2508
FACB2,7555
FACB2,7556
FACB2,7557
FACB2,7558
FACB2,7559
FACB2,7560
FACB2,7561
FACB2,7562
FACB2,7563
FACB2,7564
FACB2,7565
FACB2,7566
FAECA,150
FACA2,2509
FACA2,2510
FACA2,2511
FACA2,2512
FACA2,2513
FACB2,7567
FACB2,7568
FACB2,7569
FACB2,7570
FACB2,7571
FACB2,7572
FACB2,7573
FACB2,7574
FACB2,7575
FACB2,7576
FACB2,7577
FACB2,7578
FACB2,7579
FACB2,7580
FACB2,7581
FACB2,7582
FACB2,7583
FACB2,7584
FACB2,7585
FACB2,7586
FACB2,7587
FACB2,7588
FACB2,7589
FACB2,7590
FACB2,7591
FAECA,151
FAECA,152
FAECA,153
FACA2,2514
FACA2,2515
FACA2,2516
FACA2,2517
FACA2,2518
FACA2,2519
FACB2,7592
FACB2,7593
FACB2,7594
FACB2,7595
FACB2,7596
FACB2,7597
FACB2,7598
FACB2,7599
FACB2,7600
FACB2,7601
FACB2,7602
FACB2,7603
FACB2,7604
FACB2,7605
FACB2,7606
FACB2,7607
FACB2,7610
FACB2,7613
FAECA,154
FAECA,155
FACA2,2520
FACA2,2521
FACA2,2522
FACA2,2523
FACA2,2524
FACA2,2525
FACA2,2526
FACB2,7619
FACB2,7620
FACB2,7621
FACB2,7622
FACB2,7623
FACB2,7624
FACB2,7625
FACB2,7626
FACB2,7627
FACB2,7628
FACA2,2527
FACA2,2528
FACA2,2529
FACA2,2530
FACA2,2531
FACA2,2532
FACA2,2533
FACA2,2534
FACA2,2535
FACA2,2536
FACA2,2537
FACB2,7629
FACB2,7630
FACB2,7631
FACB2,7632
FACB2,7633
FACB2,7634
FACB2,7635
FACB2,7636
FACB2,7637
FACB2,7638
FACB2,7639
FACB2,7640
FACB2,7641
FACB2,7642
FACB2,7643
FACB2,7644
FACB2,7645
FACB2,7646
FACB2,7647
FACB2,7648
FACB2,7649
FACB2,7650
FACB2,7651
FACB2,7652
FACB2,7653
FACB2,7654
FACB2,7655
FACB2,7656
FACB2,7657
FACB2,7658
FACB2,7659
FACB2,7660
FACB2,7661
FACB2,7662
FACB2,7663
FAECA,156
FAECA,157
FACA2,2538
FACA2,2539
FACA2,2540
FACA2,2541
FACA2,2542
FACA2,2543
FACA2,2544
FACA2,2545
FACA2,2546
FACA2,2547
FACB2,7664
FACB2,7665
FACB2,7666
FACB2,7667
FACB2,7668
FACB2,7669
FACB2,7670
FACB2,7671
FACB2,7672
FACB2,7673
FACB2,7674
FACB2,7675
FACB2,7676
FACB2,7677
FACB2,7678
FACB2,7679
FACB2,7680
FACB2,7681
FACB2,7682
FACB2,7683
FACB2,7684
FACB2,7685
FACB2,7686
FACB2,7687
FACB2,7688
FACB2,7689
FACB2,7690
FACB2,7691
FACB2,7692
FACB2,7693
FACB2,7694
FACB2,7695
FACB2,7696
FACB2,7697
FACB2,7698
FACB2,7699
FACB2,7700
FACB2,7701
FACB2,7702
FACB2,7703
FAECA,158
FAECA,159
FAECA,160
FAECA,161
FACA2,2548
FACA2,2549
FACA2,2550
FACA2,2551
FACA2,2552
FACB2,7704
FACB2,7705
FACB2,7706
FACB2,7707
FACB2,7708
FACB2,7709
FACB2,7710
FACB2,7711
FACB2,7712
FACB2,7713
FACB2,7714
FACB2,7715
FACB2,7716
FACB2,7717
FACB2,7718
FACB2,7719
FACB2,7720
FACB2,7721
FACB2,7722
FACB2,7723
FACB2,7724
FACB2,7725
FACB2,7726
FAECA,162
FAECA,163
FAECA,164
FACA2,2553
FACA2,2554
FACA2,2555
FACB2,7727
FACB2,7728
FACB2,7729
FACB2,7730
FACB2,7731
FACB2,7732
FACB2,7733
FACB2,7734
FACB2,7735
FACB2,7736
FAECA,165
FAECA,166
FAECA,167
FAECA,168
FACA2,2556
FACA2,2557
FACA2,2558
FACA2,2559
FACB2,7739
FACB2,7740
FACB2,7741
FACB2,7742
FACB2,7743
FACB2,7744
FACB2,7745
FACB2,7746
FACB2,7747
FACB2,7748
FACB2,7749
FACB2,7750
FACB2,7751
FACB2,7752
FAECA,169
FAECA,170
FACA2,2560
FACA2,2561
FACA2,2562
FACA2,2563
FACA2,2564
FACA2,2565
FACB2,7753
FACB2,7754
FACB2,7755
FACB2,7756
FACB2,7757
FACB2,7758
FACB2,7759
FACB2,7760
FACB2,7761
FACB2,7762
FACB2,7763
FACB2,7764
FACB2,7765
FAECA,171
FACA2,2566
FACA2,2567
FACB2,7766
FACB2,7767
FACB2,7768
FACB2,7769
FACB2,7770
FACB2,7771
FACB2,7772
FACB2,7773
FACB2,7774
FAECA,172
FACB2,7775
FACB2,7776
FACB2,7777
FACB2,7778
FACB2,7779
FACB2,7780
FACB2,7781
FACB2,7782
FACA2,2568
FACA2,2569
FACB2,7783
FACB2,7784
FACB2,7785
FACB2,7786
FACB2,7787
FACB2,7788
FACB2,7789
FACB2,7790
FACB2,7791
FACB2,7792
FACB2,7793
FACB2,7794
FACB2,7795
FACB2,7796
FACB2,7797
FACB2,7798
FACB2,7799
FACA2,2570
FACA2,2571
FACA2,2572
FACA2,2573
FACA2,2574
FACB2,7800
FACB2,7801
FACB2,7802
FACB2,7803
FACB2,7804
FACB2,7805
FACB2,7806
FACB2,7807
FACB2,7808
FACB2,7809
FACB2,7810
FACB2,7811
FAECA,173
FAECA,174
FACA2,2575
FACA2,2576
FACB2,7812
FACB2,7813
FACB2,7814
FACB2,7815
FACB2,7816
FACB2,7817
FACB2,7818
FACB2,7819
FACB2,7820
FACB2,7821
FACB2,7822
FACB2,7823
FACB2,7824
FACB2,7825
FACB2,7826
FACB2,7827
FAECA,175
FACA2,2577
FACA2,2578
FACA2,2579
FACA2,2580
FACB2,7828
FACB2,7829
FACB2,7830
FACB2,7831
FACB2,7832
FACB2,7833
FACB2,7834
FACB2,7835
FACB2,7836
FACB2,7837
FACB2,7838
FACB2,7839
FACB2,7840
FACB2,7841
FACB2,7842
FACA2,2581
FACA2,2582
FACA2,2583
FACB2,7843
FACB2,7844
FACB2,7845
FACB2,7846
FACB2,7847
FACB2,7848
FACB2,7849
FACB2,7850
FACB2,7851
FACB2,7852
FACB2,7853
FAECA,176
FACA2,2584
FACA2,2585
FACA2,2586
FACA2,2587
FACB2,7854
FACB2,7855
FACB2,7856
FACB2,7857
FACB2,7858
FACB2,7859
FACB2,7860
FACB2,7861
FACB2,7862
FACB2,7863
FACB2,7864
FACB2,7865
FACB2,7866
FACB2,7867
FACB2,7868
FACB2,7869
FAECA,177
FAECA,178
FACA2,2588
FACA2,2589
FACA2,2590
FACA2,2591
FACA2,2592
FACA2,2593
FACB2,7870
FACB2,7871
FACB2,7872
FACB2,7873
FACB2,7874
FACB2,7875
FACB2,7876
FAECA,179
FAECA,180
FACA2,2594
FACA2,2595
FACA2,2596
FACA2,2597
FACA2,2598
FACB2,7877
FACB2,7878
FACB2,7879
FACB2,7880
FACB2,7881
FACB2,7882
FACB2,7883
FACB2,7884
FACB2,7885
FACB2,7886
FACB2,7887
FACB2,7888
FACB2,7889
FACB2,7890
FACB2,7891
FACB2,7892
FACB2,7893
FACB2,7894
FACB2,7895
FACB2,7896
FACB2,7897
FACB2,7898
FACB2,7899
FAECA,181
FAECA,182
FACA2,2599
FACA2,2600
FACA2,2601
FACB2,7900
FACB2,7901
FACB2,7902
FACB2,7903
FACB2,7904
FACB2,7905
FACB2,7906
FACB2,7907
FACB2,7908
FACB2,7909
FACB2,7910
FACB2,7911
FACB2,7912
FACB2,7913
FACB2,7914
FACB2,7915
FACB2,7916
FACB2,7917
FAECA,183
FAECA,184
FAECA,185
FACA2,2602
FACA2,2603
FACA2,2604
FACA2,2605
FACA2,2606
FACA2,2607
FACA2,2608
FACA2,2609
FACA2,2610
FACA2,2611
FACA2,2612
FACB2,7918
FACB2,7919
FACB2,7920
FACB2,7921
FACB2,7922
FACB2,7923
FACB2,7924
FACB2,7925
FACB2,7926
FACB2,7927
FACB2,7928
FACB2,7929
FACA2,2613
FACA2,2614
FACA2,2615
FACA2,2616
FACA2,2617
FACA2,2618
FACA2,2619
FACA2,2620
FACA2,2621
FACA2,2622
FACA2,2623
FACA2,2624
FACB2,7930
FACB2,7931
FACB2,7932
FACB2,7933
FACB2,7934
FACB2,7935
FACB2,7936
FACB2,7937
FACB2,7938
FACB2,7939
FACB2,7940
FACB2,7941
FACB2,7942
FACB2,7943
FACB2,7944
FACB2,7945
FACB2,7946
FAECA,186
FACA2,2625
FACA2,2626
FACB2,7947
FACB2,7948
FACB2,7949
FACB2,7950
FACB2,7951
FACB2,7952
FACB2,7953
FACB2,7954
FACB2,7955
FACB2,7956
FACB2,7957
FACB2,7958
FACB2,7959
FAECA,187
FACA2,2627
FACA2,2628
FACA2,2629
FACA2,2630
FACA2,2631
FACA2,2632
FACA2,2633
FACB2,7960
FACB2,7961
FACB2,7962
FACB2,7963
FACB2,7964
FACB2,7965
FACB2,7966
FACB2,7967
FACB2,7968
FACB2,7969
FACB2,7970
FACB2,7971
FACB2,7972
FACB2,7973
FACB2,7974
FACB2,7975
FACB2,7976
FACB2,7977
FACB2,7978
FACB2,7979
FACB2,7980
FACB2,7981
FACB2,7982
FACB2,7983
FACB2,7984
FACB2,7985
FACB2,7986
FACB2,7987
FAECA,188
FAECA,189
FACA2,2634
FACA2,2635
FACA2,2636
FACA2,2637
FACA2,2638
FACA2,2639
FACA2,2640
FACA2,2641
FACA2,2642
FACA2,2643
FACB2,7988
FACB2,7989
FACB2,7990
FACB2,7991
FACB2,7992
FACB2,7993
FACB2,7994
FACB2,7995
FACB2,7996
FACB2,7997
FACB2,7998
FACB2,7999
FACB2,8000
FACB2,8001
FACB2,8002
FACB2,8003
FACB2,8004
FACB2,8005
FACB2,8006
FACB2,8007
FACB2,8008
FACB2,8009
FACB2,8010
FACB2,8011
FACB2,8012
FACB2,8013
FACB2,8014
FACB2,8015
FACB2,8016
FACB2,8017
FAECA,190
FAECA,191
FAECA,192
FACA2,2644
FACA2,2645
FACA2,2646
FACA2,2647
FACA2,2648
FACA2,2649
FACA2,2650
FACA2,2651
FACA2,2652
FACA2,2653
FACA2,2654
FACA2,2655
FACB2,8018
FACB2,8019
FACB2,8020
FACB2,8021
FACB2,8022
FACB2,8023
FACB2,8024
FACB2,8025
FACB2,8026
FACB2,8027
FACB2,8028
FACB2,8029
FACB2,8030
FACB2,8031
FACB2,8032
FACB2,8033
FACB2,8034
FACB2,8035
FACB2,8036
FACB2,8037
FACB2,8038
FACB2,8039
FACB2,8040
FACB2,8041
FACB2,8042
FACB2,8043
FACB2,8044
FACB2,8045
FACB2,8046
FACB2,8047
FACB2,8048
FACB2,8049
FACB2,8050
FACB2,8051
FACB2,8052
FACB2,8053
FAECA,193
FACA2,2656
FACB2,8054
FACB2,8055
FACB2,8056
FACB2,8057
FACB2,8058
FACB2,8059
FACB2,8060
FACB2,8061
FACB2,8062
FACB2,8063
FACB2,8064
FAECA,194
FAECA,195
FACB2,8066
FACB2,8067
FACA2,2657
FACA2,2658
FACA2,2659
FACA2,2660
FACA2,2661
FACA2,2662
FACA2,2663
FACB2,8068
FACB2,8070
FAECA,196
FACA2,2664
FACA2,2665
FACA2,2666
FACB2,8071
FACB2,8072
FACB2,8073
FACB2,8074
FACB2,8075
FACB2,8076
FACB2,8077
FACB2,8078
FACB2,8079
FACB2,8080
FAECA,197
FACA2,2667
FACA2,2668
FACB2,8081
FACB2,8082
FACB2,8083
FACB2,8084
FACB2,8085
FACB2,8086
FACB2,8087
FACB2,8088
FAECA,198
FAECA,199
FAECA,200
FAECA,201
FACA2,2669
FACA2,2670
FACA2,2671
FACB2,8089
FACB2,8090
FACB2,8091
FACB2,8092
FACB2,8093
FACB2,8094
FACB2,8095
FAECA,202
FACA2,2672
FACA2,2673
FACB2,8096
FACB2,8097
FACB2,8098
FACB2,8099
FACB2,8100
FACB2,8101
FACB2,8102
FACB2,8103
FACB2,8104
FACB2,8105
FACB2,8106
FACB2,8107
FACB2,8108
FACB2,8109
FAECA,203
FACA2,2674
FACA2,2675
FACA2,2676
FACA2,2677
FACA2,2678
FACB2,8110
FACB2,8111
FACB2,8112
FACB2,8113
FACB2,8114
FAECA,204
FACA2,2679
FACA2,2680
FACB2,8115
FACB2,8116
FACB2,8117
FACB2,8118
FACB2,8119
FACB2,8120
FACB2,8121
FACB2,8122
FACB2,8123
FACB2,8124
FAECA,205
FACA2,2681
FACA2,2682
FACA2,2683
FACA2,2684
FACB2,8125
FACB2,8126
FACB2,8127
FACB2,8128
FACB2,8129
FACB2,8130
FACB2,8131
FACB2,8132
FACB2,8133
FACB2,8134
FACB2,8135
FACB2,8136
FACB2,8137
FACB2,8138
FACB2,8139
FACB2,8140
FACB2,8141
FACB2,8142
FACB2,8143
FAECA,206
FAECA,207
FAECA,208
FACA2,2685
FACA2,2686
FACA2,2687
FACA2,2688
FACA2,2689
FACA2,2690
FACA2,2691
FACA2,2692
FACA2,2693
FACB2,8144
FACB2,8145
FACB2,8146
FACB2,8147
FACB2,8148
FACB2,8149
FACB2,8150
FACB2,8151
FACB2,8152
FACB2,8153
FACB2,8154
FACB2,8155
FACB2,8156
FACB2,8157
FACA2,2694
FACA2,2695
FACA2,2696
FACA2,2697
FACA2,2698
FACB2,8158
FACB2,8159
FACB2,8160
FACB2,8161
FACB2,8162
FACB2,8163
FACB2,8164
FACB2,8165
FACB2,8166
FACB2,8167
FACB2,8168
FACB2,8169
FACB2,8170
FACB2,8171
FACB2,8172
FACB2,8173
FAECA,209
FAECA,210
FACA2,2699
FACA2,2700
FACB2,8174
FACB2,8175
FACB2,8176
FACB2,8177
FACB2,8178
FACB2,8179
FACB2,8180
FACB2,8181
FACB2,8182
FACB2,8183
FACB2,8184
FACB2,8185
FACB2,8186
FACB2,8187
FACB2,8188
FACB2,8189
FAECA,211
FACA2,2701
FACA2,2702
FACA2,2703
FACA2,2704
FACA2,2705
FACA2,2706
FACA2,2707
FACA2,2708
FACA2,2709
FACA2,2710
FACA2,2711
FACA2,2712
FACA2,2713
FACA2,2714
FACA2,2715
FACA2,2716
FACA2,2717
FACA2,2718
FACA2,2719
FACA2,2720
FACA2,2721
FACA2,2722
FACA2,2723
FACB2,8190
FACB2,8191
FACB2,8192
FACB2,8193
FACB2,8194
FACB2,8195
FACB2,8196
FACB2,8197
FACB2,8198
FACB2,8199
FACB2,8200
FACB2,8201
FACB2,8202
FACB2,8203
FACB2,8204
FACB2,8205
FACB2,8206
FACB2,8207
FACB2,8208
FACB2,8209
FACB2,8210
FACB2,8211
FACB2,8212
FACB2,8213
FACB2,8214
FACB2,8215
FACB2,8216
FACB2,8217
FACB2,8218
FACB2,8219
FACB2,8220
FACB2,8221
FACB2,8222
FACB2,8223
FACB2,8224
FACB2,8225
FACB2,8226
FACB2,8227
FACB2,8228
FACB2,8229
FACB2,8230
FACB2,8231
FACB2,8232
FACB2,8233
FACB2,8234
FACB2,8235
FACB2,8236
FACB2,8237
FACB2,8238
FAECA,212
FACA2,2724
FACA2,2725
FACA2,2726
FACB2,8239
FACB2,8240
FACB2,8241
FACB2,8242
FACB2,8243
FACB2,8244
FACA2,2727
FACA2,2728
FACA2,2729
FACA2,2730
FACA2,2731
FACA2,2732
FACA2,2733
FACA2,2734
FACA2,2735
FACB2,8245
FACB2,8246
FACB2,8247
FACB2,8248
FACB2,8249
FACB2,8250
FACB2,8251
FACB2,8252
FACB2,8253
FACB2,8254
FACB2,8255
FACB2,8256
FACB2,8257
FACB2,8258
FACB2,8259
FACB2,8260
FACB2,8261
FACB2,8262
FACB2,8263
FACB2,8264
FACB2,8265
FACB2,8266
FACB2,8267
FACB2,8268
FACB2,8269
FACB2,8270
FACB2,8271
FACB2,8272
FACB2,8273
FACB2,8274
FACB2,8275
FACB2,8276
FACB2,8277
FAECA,213
FAECA,214
FAECA,215
FACA2,2736
FACA2,2737
FACA2,2738
FACA2,2739
FACA2,2740
FACA2,2741
FACB2,8278
FACB2,8279
FACB2,8280
FACB2,8281
FACB2,8282
FACB2,8283
FACB2,8284
FACB2,8285
FACB2,8286
FACB2,8287
FACB2,8288
FACB2,8289
FACB2,8290
FACB2,8291
FACB2,8292
FACB2,8293
FACB2,8294
FACB2,8295
FACB2,8296
FACB2,8297
FACB2,8298
FACB2,8299
FACB2,8300
FACB2,8301
FACB2,8302
FACB2,8303
FACB2,8304
FACB2,8305
FACB2,8306
FACB2,8307
FAECA,216
FAECA,217
FAECA,218
FAECA,219
FAECA,220
FACA2,2742
FACA2,2743
FACA2,2744
FACA2,2745
FACA2,2746
FACA2,2747
FACA2,2748
FACA2,2749
FACA2,2750
FACA2,2751
FACA2,2752
FACA2,2753
FACA2,2754
FACB2,8308
FACB2,8309
FACB2,8310
FACB2,8311
FACB2,8312
FACB2,8313
FACB2,8314
FACB2,8315
FACB2,8316
FACB2,8317
FACB2,8318
FACB2,8319
FACB2,8320
FACB2,8321
FACB2,8322
FACB2,8323
FACB2,8324
FACB2,8325
FACB2,8326
FACB2,8327
FACB2,8328
FACB2,8329
FACB2,8330
FACB2,8331
FACB2,8332
FACB2,8333
FACB2,8334
FACB2,8335
FACB2,8336
FACB2,8337
FACB2,8338
FACB2,8339
FACB2,8340
FACB2,8341
FACB2,8342
FACB2,8343
FACB2,8344
FACB2,8345
FACB2,8346
FACB2,8347
FACB2,8348
FACB2,8349
FACB2,8350
FACB2,8351
FACB2,8352
FACB2,8353
FACB2,8354
FACB2,8355
FACB2,8356
FAECA,221
FACA2,2755
FACA2,2756
FACA2,2757
FACA2,2758
FACA2,2759
FACA2,2760
FACB2,8357
FACB2,8358
FACB2,8359
FACB2,8360
FACB2,8361
FACB2,8362
FACB2,8363
FACB2,8364
FACB2,8365
FACB2,8366
FACB2,8367
FACB2,8368
FACB2,8369
FACB2,8370
FACB2,8371
FACB2,8372
FACB2,8373
FACB2,8374
FACB2,8375
FACB2,8376
FACB2,8377
FACB2,8378
FACB2,8379
FACB2,8380
FACA2,2761
FACA2,2762
FACA2,2763
FACB2,8381
FACB2,8383
FACB2,8384
FACB2,8385
FACB2,8386
FACB2,8387
FACB2,8388
FACB2,8389
FACB2,8390
FACB2,8391
FACB2,8392
FACB2,8393
FACB2,8394
FACB2,8395
FACB2,8396
FACB2,8397
FACB2,8398
FACB2,8399
FACB2,8400
FACB2,8401
FACB2,8402
FACB2,8403
FACB2,8404
FACB2,8405
FACB2,8406
FACA2,2764
FACA2,2765
FACA2,2766
FACB2,8408
FACB2,8409
FACB2,8410
FACB2,8411
FACB2,8412
FACB2,8413
FACB2,8414
FACB2,8415
FACB2,8416
FACB2,8417
FACB2,8418
FACB2,8419
FACA2,2767
FACA2,2768
FACA2,2769
FACA2,2770
FACA2,2771
FACA2,2772
FACB2,8420
FACB2,8421
FACB2,8422
FACB2,8423
FACB2,8424
FACB2,8425
FACB2,8426
FACB2,8427
FACB2,8428
FACB2,8429
FACB2,8430
FACB2,8431
FACB2,8432
FACB2,8433
FACB2,8434
FACB2,8435
FACB2,8436
FACA2,2773
FACA2,2774
FACB2,8437
FACB2,8438
FACB2,8439
FACB2,8440
FACB2,8441
FACB2,8442
FACB2,8443
FACB2,8444
FACA2,2775
FACA2,2776
FACA2,2777
FACA2,2778
FACA2,2779
FACA2,2780
FACA2,2781
FACA2,2782
FACA2,2783
FACA2,2784
FACA2,2785
FACA2,2786
FACA2,2787
FACA2,2788
FACA2,2789
FACA2,2790
FACA2,2791
FACA2,2792
FACB2,8445
FACB2,8446
FACB2,8447
FACB2,8448
FACB2,8449
FACB2,8450
FACB2,8451
FACB2,8452
FACB2,8453
FACB2,8454
FACB2,8455
FACB2,8456
FACB2,8457
FACB2,8458
FACB2,8459
FACB2,8460
FACB2,8461
FACB2,8462
FACB2,8463
FACB2,8464
FACB2,8465
FACB2,8466
FACB2,8467
FACB2,8468
FACB2,8469
FACB2,8470
FACB2,8471
FACB2,8472
FACB2,8473
FACB2,8474
FACB2,8475
FACB2,8476
FACB2,8477
FACB2,8478
FACB2,8479
FACB2,8480
FACB2,8481
FACB2,8482
FACB2,8483
FACB2,8484
FACB2,8485
FACB2,8486
FACB2,8487
FAECA,222
FAECA,223
FAECA,224
FAECA,225
FAECA,226
FACA2,2793
FACB2,8488
FACB2,8489
FACB2,8490
FACB2,8491
FACB2,8492
FACB2,8493
FACB2,8494
FACB2,8495
FACB2,8496
FACB2,8497
FACB2,8498
FAECA,227
FACA2,2794
FACA2,2795
FACA2,2796
FACA2,2797
FACB2,8499
FACB2,8500
FACB2,8501
FACB2,8502
FACB2,8503
FACB2,8504
FACB2,8505
FACB2,8506
FACB2,8507
FACB2,8508
FACB2,8509
FACB2,8510
FAECA,228
FACA2,2798
FACA2,2799
FACA2,2800
FACA2,2801
FACA2,2802
FACA2,2803
FACA2,2804
FACA2,2805
FACA2,2806
FACA2,2807
FACA2,2808
FACB2,8511
FACB2,8512
FACB2,8513
FACB2,8514
FACB2,8515
FACB2,8516
FACB2,8517
FACB2,8518
FACB2,8519
FACB2,8520
FACB2,8521
FACB2,8522
FACB2,8523
FACB2,8524
FACB2,8525
FACB2,8526
FACB2,8527
FACB2,8528
FACB2,8529
FACB2,8530
FACB2,8531
FACB2,8532
FACB2,8533
FACB2,8534
FACB2,8535
FACB2,8536
FACB2,8537
FACB2,8538
FACB2,8539
FACB2,8540
FACB2,8541
FACB2,8542
FAECA,229
FAECA,230
FACA2,2809
FACA2,2810
FACA2,2811
FACA2,2812
FACA2,2813
FACA2,2814
FACA2,2815
FACB2,8543
FACB2,8544
FACB2,8545
FACB2,8546
FACB2,8547
FACB2,8548
FACB2,8549
FACB2,8550
FACB2,8551
FACB2,8552
FACB2,8553
FACB2,8554
FACB2,8555
FACB2,8556
FACB2,8557
FACB2,8558
FACB2,8559
FACB2,8560
FACB2,8561
FACB2,8562
FACB2,8563
FACB2,8564
FACB2,8565
FACB2,8566
FACB2,8567
FACB2,8568
FACB2,8569
FACB2,8570
FACB2,8571
FACB2,8572
FACB2,8573
FACB2,8574
FAECA,231
FACA2,2816
FACA2,2817
FACA2,2818
FACA2,2819
FACA2,2820
FACA2,2821
FACA2,2822
FACA2,2823
FACA2,2824
FACA2,2825
FACA2,2826
FACB2,8575
FACB2,8576
FACB2,8577
FACB2,8578
FACB2,8579
FACB2,8580
FACB2,8581
FACB2,8582
FACB2,8583
FACB2,8584
FACB2,8585
FACB2,8586
FACB2,8587
FACB2,8588
FACB2,8589
FACB2,8590
FACB2,8591
FACB2,8592
FACB2,8593
FACB2,8594
FACB2,8595
FACB2,8596
FACB2,8597
FACB2,8598
FACB2,8599
FACB2,8600
FACB2,8601
FACB2,8602
FAECA,232
FAECA,233
FACA2,2827
FACA2,2828
FACA2,2829
FACA2,2830
FACA2,2831
FACA2,2832
FACA2,2833
FACB2,8603
FACB2,8604
FACB2,8605
FACB2,8606
FACB2,8607
FACB2,8608
FACB2,8609
FACB2,8610
FACB2,8611
FACB2,8612
FACB2,8613
FACB2,8614
FACB2,8615
FACB2,8616
FACB2,8617
FACB2,8618
FACB2,8619
FACA2,2834
FACA2,2835
FACA2,2836
FACA2,2837
FACA2,2838
FACA2,2839
FACA2,2840
FACA2,2841
FACA2,2842
FACA2,2843
FACA2,2844
FACA2,2845
FACA2,2846
FACB2,8620
FACB2,8621
FACB2,8622
FACB2,8623
FACB2,8624
FACB2,8625
FACB2,8626
FACB2,8627
FACB2,8628
FACB2,8629
FACB2,8630
FACB2,8631
FACB2,8632
FACB2,8633
FACB2,8634
FACB2,8635
FACB2,8636
FACB2,8637
FACB2,8638
FACB2,8639
FACB2,8640
FACB2,8641
FACB2,8642
FACB2,8643
FACB2,8644
FACB2,8645
FACB2,8646
FACB2,8647
FACB2,8648
FACB2,8649
FACB2,8650
FACB2,8651
FACB2,8652
FACB2,8653
FACB2,8654
FACB2,8655
FACB2,8656
FACB2,8657
FACB2,8658
FACB2,8659
FACB2,8660
FACB2,8661
FACB2,8662
FAECA,234
FAECA,235
FAECA,236
FAECA,237
FAECA,238
FAECA,239
FAECA,240
FACA2,2847
FACA2,2848
FACA2,2849
FACA2,2850
FACA2,2851
FACA2,2852
FACA2,2853
FACA2,2854
FACA2,2855
FACA2,2856
FACA2,2857
FACA2,2858
FACA2,2859
FACA2,2860
FACA2,2861
FACB2,8663
FACB2,8664
FACB2,8665
FACB2,8666
FACB2,8667
FACB2,8668
FACB2,8669
FACB2,8670
FACB2,8671
FACB2,8672
FACB2,8673
FACB2,8674
FACB2,8675
FACB2,8676
FACB2,8677
FACB2,8678
FACB2,8679
FACB2,8680
FACB2,8681
FACB2,8682
FACB2,8683
FACB2,8684
FACB2,8685
FACB2,8686
FACB2,8687
FACB2,8688
FACB2,8689
FACB2,8690
FACB2,8691
FACB2,8692
FACB2,8693
FACB2,8694
FACB2,8695
FACA2,2862
FACA2,2863
FACA2,2864
FACA2,2865
FACA2,2866
FACB2,8696
FACB2,8697
FACB2,8698
FACB2,8699
FACB2,8700
FACB2,8701
FACB2,8702
FACB2,8703
FACB2,8704
FACB2,8705
FACB2,8706
FACB2,8707
FACB2,8708
FACB2,8709
FACB2,8710
FACB2,8711
FACB2,8712
FACB2,8713
FACB2,8714
FACB2,8715
FACB2,8716
FACB2,8717
FACB2,8718
FACB2,8719
FACB2,8720
FACB2,8721
FACB2,8722
FACB2,8723
FACB2,8724
FACB2,8725
FACB2,8726
FACB2,8727
FACB2,8728
FACB2,8729
FAECA,241
FACA2,2867
FACA2,2868
FACA2,2869
FACA2,2870
FACA2,2871
FACB2,8730
FACB2,8731
FACB2,8732
FACB2,8733
FACB2,8734
FACB2,8735
FACB2,8736
FACB2,8737
FACB2,8738
FACB2,8739
FACB2,8740
FACB2,8741
FACB2,8742
FACB2,8743
FACB2,8744
FACB2,8745
FACB2,8746
FACB2,8747
FACB2,8748
FACB2,8749
FACB2,8750
FACB2,8751
FACB2,8752
FACB2,8753
FACB2,8754
FACB2,8755
FACB2,8756
FAECA,242
FACA2,2872
FACA2,2873
FACA2,2874
FACA2,2875
FACA2,2876
FACA2,2877
FACA2,2878
FACA2,2879
FACA2,2880
FACA2,2881
FACA2,2882
FACA2,2883
FACA2,2884
FACA2,2885
FACA2,2886
FACA2,2887
FACB2,8757
FACB2,8758
FACB2,8759
FACB2,8760
FACB2,8761
FACB2,8762
FACB2,8763
FACB2,8764
FACB2,8765
FACB2,8766
FACB2,8767
FACB2,8768
FACB2,8769
FACB2,8770
FACB2,8771
FACB2,8772
FACB2,8773
FACB2,8774
FACB2,8775
FACB2,8776
FACB2,8777
FACB2,8778
FACB2,8779
FACB2,8780
FACB2,8781
FACB2,8782
FACB2,8783
FACB2,8784
FACB2,8785
FACB2,8786
FACB2,8787
FACB2,8788
FACB2,8789
FACB2,8790
FAECA,243
FAECA,244
FAECA,245
FAECA,246
FAECA,247
FACA2,2888
FACA2,2889
FACA2,2890
FACA2,2891
FACA2,2892
FACA2,2893
FACA2,2894
FACA2,2895
FACA2,2896
FACA2,2897
FACA2,2898
FACA2,2899
FACA2,2900
FACA2,2901
FACA2,2902
FACA2,2903
FACA2,2904
FACA2,2905
FACA2,2906
FACA2,2907
FACA2,2908
FACA2,2909
FACA2,2910
FACA2,2911
FACA2,2912
FACB2,8791
FACB2,8792
FACB2,8793
FACB2,8794
FACB2,8795
FACB2,8796
FACB2,8797
FACB2,8798
FACB2,8799
FACB2,8800
FACB2,8801
FACB2,8802
FACB2,8803
FACB2,8804
FACB2,8805
FACB2,8806
FACB2,8807
FACB2,8808
FACB2,8809
FACB2,8810
FACB2,8811
FACB2,8812
FACB2,8813
FACB2,8814
FACB2,8815
FACB2,8816
FACB2,8817
FACB2,8818
FACB2,8819
FACB2,8820
FACB2,8821
FACB2,8822
FACB2,8823
FACB2,8824
FACB2,8825
FACB2,8826
FACB2,8827
FACB2,8828
FACB2,8829
FACB2,8830
FACB2,8831
FACB2,8832
FACB2,8833
FACB2,8834
FACB2,8835
FACB2,8836
FACB2,8837
FACB2,8838
FACB2,8839
FACB2,8840
FACB2,8841
FACB2,8842
FACB2,8843
FACB2,8844
FACB2,8845
FACB2,8846
FACB2,8847
FACB2,8848
FACB2,8849
FACB2,8850
FACB2,8851
FACB2,8852
FACB2,8853
FACB2,8854
FACB2,8855
FACB2,8856
FACB2,8857
FACB2,8858
FACB2,8859
FACB2,8860
FACB2,8861
FACB2,8862
FACB2,8863
FACB2,8864
FACB2,8865
FACB2,8866
FACB2,8867
FACB2,8868
FACB2,8869
FACB2,8870
FACB2,8871
FACB2,8872
FACB2,8873
FACB2,8874
FACB2,8875
FACB2,8876
FACB2,8877
FACB2,8878
FACB2,8879
FACB2,8880
FACB2,8881
FACB2,8882
FACB2,8883
FACB2,8884
FACB2,8885
FACB2,8886
FACB2,8887
FACB2,8888
FACB2,8889
FACB2,8890
FACB2,8891
FAECA,248
FAECA,249
FAECA,250
FACB2,8893
FACA2,2913
FAECA,251
FACA2,2914
FACB2,8894
FACB2,8895
FACB2,8896
FACB2,8897
FACB2,8898
FACB2,8899
FACB2,8900
FACB2,8901
FAECA,252
FAECA,253
FAECA,254
FACA2,2915
FACA2,2916
FACA2,2917
FACB2,8903
FACB2,8904
FACB2,8905
FACB2,8906
FACB2,8907
FACB2,8908
FACA2,2918
FACB2,8909
FACB2,8910
FACB2,8911
FACB2,8912
FACB2,8913
FACB2,8914
FACA2,2919
FACA2,2920
FACA2,2921
FACA2,2922
FACB2,8915
FACB2,8916
FACB2,8917
FACB2,8918
FACB2,8919
FAECA,255
FACA2,2923
FACA2,2924
FACA2,2925
FACA2,2926
FACA2,2927
FACA2,2928
FACA2,2929
FACA2,2930
FACA2,2931
FACA2,2932
FACA2,2933
FACA2,2934
FACA2,2935
FACA2,2936
FACB2,8920
FACB2,8921
FACB2,8922
FACB2,8923
FACB2,8924
FACB2,8925
FACB2,8926
FACB2,8927
FACB2,8928
FACB2,8929
FACB2,8930
FACB2,8931
FACB2,8932
FACB2,8933
FACB2,8934
FACB2,8935
FACB2,8936
FACB2,8937
FACB2,8938
FACB2,8939
FACB2,8940
FACB2,8941
FACB2,8942
FACB2,8943
FACB2,8944
FACB2,8945
FACB2,8946
FACB2,8947
FACB2,8948
FACB2,8949
FACB2,8950
FACB2,8951
FACB2,8952
FACB2,8953
FACB2,8954
FACB2,8955
FACB2,8956
FACB2,8957
FACB2,8958
FACB2,8959
FACB2,8960
FACB2,8961
FACB2,8962
FACB2,8963
FACB2,8964
FACB2,8965
FACB2,8966
FACB2,8967
FACB2,8968
FACB2,8969
FACB2,8970
FACB2,8971
FACB2,8972
FACB2,8973
FACB2,8974
FAECA,256
FAECA,257
FAECA,258
FAECA,259
FACA2,2937
FACA2,2938
FACA2,2939
FACA2,2940
FACA2,2941
FACA2,2942
FACA2,2943
FACA2,2944
FACA2,2945
FACA2,2946
FACA2,2947
FACA2,2948
FACA2,2949
FACA2,2950
FACA2,2951
FACA2,2952
FACA2,2953
FACA2,2954
FACB2,8975
FACB2,8976
FACB2,8977
FACB2,8978
FACB2,8979
FACB2,8980
FACB2,8981
FACB2,8982
FACB2,8983
FACB2,8984
FACB2,8985
FACB2,8986
FACB2,8987
FACB2,8988
FACB2,8989
FACB2,8990
FACB2,8991
FACB2,8992
FACB2,8994
FACB2,8995
FACB2,8996
FACB2,8997
FACB2,8998
FACB2,8999
FACB2,9000
FACB2,9001
FACB2,9002
FACB2,9003
FACB2,9004
FACB2,9005
FACB2,9006
FACB2,9007
FACB2,9008
FACB2,9009
FACB2,9010
FACB2,9011
FACB2,9012
FACB2,9013
FACB2,9014
FACB2,9015
FACB2,9016
FACB2,9017
FACB2,9018
FACB2,9019
FACB2,9020
FACB2,9021
FACB2,9022
FACB2,9023
FACB2,9024
FAECA,260
FAECA,261
FACA2,2955
FACA2,2956
FACA2,2957
FACA2,2958
FACA2,2959
FACA2,2960
FACA2,2961
FACA2,2962
FACA2,2963
FACA2,2964
FACA2,2965
FACA2,2966
FACB2,9025
FACB2,9026
FACB2,9027
FACB2,9028
FACB2,9029
FACB2,9030
FACB2,9031
FACB2,9032
FACB2,9033
FACB2,9034
FACB2,9035
FACB2,9036
FACB2,9037
FACB2,9038
FACB2,9039
FACB2,9040
FACB2,9041
FACB2,9042
FACB2,9043
FACB2,9044
FACB2,9045
FACB2,9046
FACB2,9047
FACB2,9048
FACB2,9049
FACB2,9050
FACA2,2967
FACA2,2968
FACA2,2969
FACA2,2970
FACA2,2971
FACA2,2972
FACA2,2973
FACA2,2974
FACA2,2975
FACA2,2976
FACA2,2977
FACB2,9051
FACB2,9052
FACB2,9053
FACB2,9054
FACB2,9055
FACB2,9056
FACB2,9057
FACB2,9058
FACB2,9059
FACB2,9060
FACB2,9061
FACB2,9062
FACB2,9063
FACB2,9064
FACB2,9065
FACB2,9066
FACB2,9067
FACB2,9068
FACB2,9069
FACB2,9070
FACB2,9071
FACB2,9072
FACB2,9073
FACB2,9074
FACB2,9075
FACB2,9076
FACB2,9077
FACB2,9078
FACB2,9079
FACB2,9080
FACB2,9081
FACB2,9082
FAECA,262
FAECA,263
FACA2,2978
FACA2,2979
FACA2,2980
FACA2,2981
FACA2,2982
FACA2,2983
FACB2,9083
FACB2,9084
FACB2,9085
FACB2,9086
FACB2,9087
FACB2,9088
FACB2,9089
FACB2,9090
FACB2,9091
FACB2,9092
FACB2,9093
FACB2,9094
FACB2,9095
FACB2,9096
FACB2,9097
FACB2,9098
FACB2,9099
FACB2,9100
FACB2,9101
FACB2,9102
FACB2,9103
FACB2,9104
FACB2,9105
FACA2,2984
FACA2,2985
FACA2,2986
FACA2,2987
FACA2,2988
FACA2,2989
FACA2,2990
FACA2,2991
FACA2,2992
FACA2,2993
FACA2,2994
FACA2,2995
FACA2,2996
FACA2,2997
FACA2,2998
FACA2,2999
FACA2,3000
FACA2,3001
FACA2,3002
FACA2,3003
FACB2,9106
FACB2,9107
FACB2,9108
FACB2,9109
FACB2,9110
FACB2,9111
FACB2,9112
FACB2,9113
FACB2,9114
FACB2,9115
FACB2,9116
FACB2,9117
FACB2,9118
FACB2,9119
FACB2,9120
FACB2,9121
FACB2,9122
FACB2,9123
FACB2,9124
FACB2,9125
FACB2,9126
FACB2,9127
FACB2,9128
FACB2,9129
FACB2,9130
FACB2,9131
FACB2,9132
FACB2,9133
FACB2,9134
FACB2,9135
FACB2,9136
FACB2,9137
FACB2,9138
FACB2,9139
FACB2,9140
FACB2,9141
FACB2,9142
FACB2,9143
FACB2,9144
FACB2,9145
FACB2,9146
FACB2,9147
FACB2,9148
FACB2,9149
FACB2,9150
FACB2,9151
FACB2,9152
FACB2,9153
FAECA,264
FAECA,265
FACA2,3004
FACA2,3005
FACA2,3006
FACA2,3007
FACA2,3008
FACA2,3009
FACA2,3010
FACA2,3011
FACA2,3012
FACA2,3013
FACA2,3014
FACA2,3015
FACA2,3016
FACA2,3017
FACA2,3018
FACA2,3019
FACA2,3020
FACA2,3021
FACA2,3022
FACA2,3023
FACA2,3024
FACA2,3025
FACA2,3026
FACA2,3027
FACA2,3028
FACA2,3029
FACA2,3030
FACB2,9154
FACB2,9155
FACB2,9156
FACB2,9157
FACB2,9158
FACB2,9159
FACB2,9160
FACB2,9161
FACB2,9162
FACB2,9163
FACB2,9164
FACB2,9165
FACB2,9166
FACB2,9167
FACB2,9168
FACB2,9169
FACB2,9170
FACB2,9171
FACB2,9172
FACB2,9173
FACB2,9174
FACB2,9175
FACB2,9176
FACB2,9177
FACB2,9178
FACB2,9179
FACB2,9180
FACB2,9181
FACB2,9182
FACB2,9183
FACB2,9184
FACB2,9185
FACB2,9186
FACB2,9187
FACB2,9188
FACB2,9189
FACB2,9190
FACB2,9191
FACB2,9192
FACB2,9193
FACB2,9194
FACB2,9195
FACB2,9196
FACB2,9197
FACB2,9198
FACB2,9199
FACB2,9200
FACB2,9201
FACB2,9202
FACB2,9203
FACB2,9204
FACB2,9205
FACB2,9206
FACB2,9207
FACB2,9208
FACB2,9209
FACB2,9210
FACB2,9211
FACB2,9212
FACB2,9213
FACB2,9214
FACB2,9215
FACB2,9216
FACB2,9217
FACB2,9218
FACB2,9219
FACB2,9220
FACB2,9221
FACB2,9222
FACB2,9223
FACB2,9224
FACB2,9225
FACB2,9226
FACB2,9227
FACB2,9228
FACB2,9229
FACB2,9230
FACB2,9231
FACB2,9232
FACB2,9233
FACB2,9234
FACB2,9235
FACB2,9236
FACB2,9237
FAECA,266
FACA2,3031
FACA2,3032
FACA2,3033
FACA2,3034
FACA2,3035
FACA2,3036
FACA2,3037
FACA2,3038
FACA2,3039
FACB2,9238
FACB2,9239
FACB2,9240
FACB2,9241
FACB2,9242
FACB2,9243
FACB2,9244
FACB2,9245
FACB2,9246
FACB2,9247
FACB2,9248
FACB2,9249
FACB2,9250
FACB2,9251
FACB2,9252
FACB2,9253
FACB2,9254
FACB2,9255
FACB2,9256
FACB2,9257
FACB2,9258
FACB2,9259
FACB2,9260
FACB2,9261
FACB2,9262
FACB2,9263
FAECA,267
FAECA,268
FAECA,269
FAECA,270
FACA2,3040
FACA2,3041
FACA2,3042
FACA2,3043
FACA2,3044
FACA2,3045
FACA2,3046
FACA2,3047
FACA2,3048
FACA2,3049
FACA2,3050
FACB2,9264
FACB2,9265
FACB2,9266
FACB2,9267
FACB2,9268
FACB2,9269
FACB2,9270
FACB2,9271
FACB2,9272
FACB2,9273
FACB2,9274
FACB2,9275
FACB2,9276
FACB2,9277
FACB2,9278
FACB2,9279
FACB2,9280
FACB2,9281
FACB2,9282
FACB2,9283
FACB2,9284
FACB2,9285
FACB2,9286
FACB2,9287
FACB2,9288
FACB2,9289
FACB2,9290
FACB2,9291
FACB2,9292
FACB2,9293
FACB2,9294
FACB2,9295
FACB2,9296
FACB2,9297
FACB2,9298
FACB2,9299
FACB2,9300
FACB2,9301
FACB2,9302
FACB2,9303
FACB2,9304
FACB2,9305
FACB2,9306
FACB2,9307
FACB2,9308
FACB2,9309
FACB2,9310
FACB2,9311
FACB2,9312
FACB2,9313
FAECA,271
FAECA,272
FAECA,273
FACA2,3051
FACA2,3052
FACA2,3053
FACA2,3054
FACA2,3055
FACA2,3056
FACA2,3057
FACA2,3058
FACA2,3059
FACA2,3060
FACB2,9314
FACB2,9315
FACB2,9316
FACB2,9317
FACB2,9318
FACB2,9319
FACB2,9320
FACB2,9321
FACB2,9322
FACB2,9323
FACB2,9324
FACB2,9325
FACB2,9326
FACB2,9327
FACB2,9328
FACB2,9329
FACB2,9330
FACB2,9331
FACB2,9332
FACB2,9333
FACB2,9334
FACB2,9335
FACB2,9336
FACB2,9337
FACB2,9338
FACB2,9339
FAECA,274
FAECA,275
FAECA,276
FAECA,277
FAECA,278
FACA2,3061
FACA2,3062
FACB2,9340
FACB2,9341
FACB2,9342
FACB2,9343
FACB2,9344
FACB2,9345
FACB2,9346
FACB2,9347
FACB2,9348
FACB2,9349
FACB2,9350
FACB2,9351
FACB2,9352
FACB2,9353
FACB2,9354
FACB2,9355
FAECA,279
FAECA,280
FACA2,3063
FACA2,3064
FACA2,3065
FACA2,3066
FACA2,3067
FACA2,3068
FACA2,3069
FACA2,3070
FACA2,3071
FACA2,3072
FACA2,3073
FACA2,3074
FACA2,3075
FACA2,3076
FACA2,3077
FACA2,3078
FACA2,3079
FACA2,3080
FACA2,3081
FACA2,3082
FACA2,3083
FACA2,3084
FACA2,3085
FACA2,3086
FACA2,3087
FACB2,9356
FACB2,9357
FACB2,9358
FACB2,9359
FACB2,9360
FACB2,9361
FACB2,9362
FACB2,9363
FACB2,9364
FACB2,9365
FACB2,9366
FACB2,9367
FACB2,9368
FACB2,9369
FACB2,9370
FACB2,9371
FACB2,9372
FACB2,9373
FACB2,9374
FACB2,9375
FACB2,9376
FACB2,9377
FACB2,9378
FACB2,9379
FACB2,9380
FACB2,9381
FACB2,9382
FACB2,9383
FACB2,9384
FACB2,9385
FACB2,9386
FACB2,9387
FACB2,9388
FACB2,9389
FACB2,9390
FACB2,9391
FACB2,9392
FACB2,9393
FACB2,9394
FACB2,9395
FACB2,9396
FACB2,9397
FACB2,9398
FACB2,9399
FACB2,9400
FACB2,9401
FACB2,9402
FACB2,9403
FACB2,9404
FACB2,9405
FACB2,9406
FACB2,9407
FACB2,9408
FACB2,9409
FACB2,9410
FACB2,9411
FACB2,9412
FACB2,9413
FACB2,9414
FACB2,9415
FACB2,9416
FACB2,9417
FACB2,9418
FACB2,9419
FACB2,9420
FACB2,9421
FACB2,9422
FACB2,9423
FACB2,9424
FACB2,9425
FACB2,9426
FACB2,9427
FACB2,9428
FACB2,9429
FACB2,9430
FAECA,281
FAECA,282
FACA2,3088
FACA2,3089
FACA2,3090
FACA2,3091
FACA2,3092
FACA2,3093
FACA2,3094
FACA2,3095
FACA2,3096
FACA2,3097
FACA2,3098
FACB2,9431
FACB2,9432
FACB2,9433
FACB2,9434
FACB2,9435
FACB2,9436
FACB2,9437
FACB2,9438
FACB2,9439
FACB2,9440
FACB2,9441
FACB2,9442
FACB2,9443
FACB2,9444
FACB2,9445
FACB2,9446
FACB2,9447
FACB2,9448
FACB2,9449
FACB2,9450
FACB2,9451
FACB2,9452
FACB2,9453
FACB2,9454
FACB2,9455
FACB2,9456
FACB2,9457
FACB2,9458
FACB2,9459
FAECA,283
FAECA,284
FAECA,285
FACA2,3099
FACA2,3100
FACA2,3101
FACA2,3102
FACA2,3103
FACA2,3104
FACB2,9460
FACB2,9461
FACB2,9462
FACB2,9463
FACB2,9464
FACB2,9465
FACB2,9466
FACB2,9467
FACB2,9468
FACB2,9469
FACB2,9470
FACB2,9471
FACB2,9472
FACB2,9473
FACB2,9474
FACB2,9475
FACB2,9476
FACB2,9477
FACB2,9478
FACB2,9479
FACB2,9480
FACB2,9481
FACB2,9482
FACB2,9483
FAECA,286
FACB2,9484
FAECA,287
FACA2,3105
FACA2,3106
FACA2,3107
FACA2,3108
FACA2,3109
FACA2,3110
FACA2,3111
FACA2,3112
FACA2,3113
FACA2,3114
FACB2,9486
FACB2,9487
FACB2,9488
FACB2,9489
FACB2,9490
FACB2,9491
FACB2,9492
FACB2,9493
FACB2,9494
FACB2,9495
FACB2,9496
FACB2,9497
FACB2,9498
FACB2,9499
FACB2,9500
FACB2,9501
FACB2,9502
FACB2,9503
FACB2,9504
FACB2,9505
FACB2,9506
FACB2,9507
FACB2,9508
FACB2,9509
FAECA,288
FAECA,289
FACA2,3115
FACA2,3116
FACA2,3117
FACA2,3118
FACA2,3119
FACA2,3120
FACA2,3121
FACB2,9510
FACB2,9511
FACB2,9512
FACB2,9513
FACB2,9514
FACB2,9515
FACB2,9516
FACB2,9517
FACB2,9518
FACB2,9519
FACB2,9520
FACB2,9521
FACB2,9522
FACB2,9523
FACB2,9524
FACB2,9525
FACB2,9526
FACB2,9527
FACB2,9528
FACB2,9529
FACB2,9530
FACB2,9531
FACB2,9532
FACB2,9533
FACB2,9535
FACB2,9536
FACB2,9537
FACB2,9538
FACB2,9539
FACB2,9540
FACB2,9541
FACB2,9542
FACB2,9543
FACB2,9544
FACB2,9545
FACB2,9546
FACB2,9547
FACB2,9548
FACB2,9549
FACB2,9550
FACB2,9551
FACB2,9552
FACB2,9553
FACA2,3122
FACA2,3123
FACB2,9554
FACB2,9555
FACB2,9556
FACB2,9557
FACB2,9558
FACB2,9559
FACB2,9560
FACB2,9561
FACB2,9562
FACB2,9563
FACB2,9564
FACB2,9565
FACB2,9566
FACB2,9567
FAECA,290
FACA2,3124
FACA2,3125
FACA2,3126
FACA2,3127
FACA2,3128
FACA2,3129
FACB2,9568
FACB2,9569
FACB2,9570
FACB2,9571
FACB2,9572
FACB2,9573
FACB2,9574
FAECA,291
FACA2,3130
FACA2,3131
FACA2,3132
FACA2,3133
FACA2,3134
FACA2,3135
FACA2,3136
FACA2,3137
FACA2,3138
FACA2,3139
FACA2,3140
FACA2,3141
FACA2,3142
FACA2,3143
FACA2,3144
FACA2,3145
FACA2,3146
FACA2,3147
FACA2,3148
FACB2,9575
FACB2,9576
FACB2,9577
FACB2,9578
FACB2,9579
FACB2,9580
FACB2,9581
FACB2,9582
FACB2,9583
FACB2,9584
FACB2,9585
FACB2,9586
FACB2,9587
FACB2,9588
FACB2,9589
FACB2,9590
FACB2,9591
FACB2,9592
FACB2,9593
FACB2,9594
FACB2,9595
FACB2,9596
FACB2,9597
FACB2,9598
FACB2,9599
FACB2,9600
FACB2,9601
FACB2,9602
FACB2,9603
FACB2,9604
FACB2,9605
FACB2,9606
FACB2,9607
FACB2,9608
FACB2,9609
FACB2,9610
FACB2,9611
FACB2,9612
FACB2,9613
FACB2,9614
FACB2,9615
FACB2,9616
FACB2,9617
FACB2,9618
FACB2,9619
FACB2,9620
FACB2,9621
FACB2,9622
FACB2,9623
FACB2,9624
FACB2,9625
FACB2,9626
FACB2,9627
FACB2,9628
FACB2,9629
FACB2,9630
FACB2,9631
FACB2,9632
FACB2,9633
FACB2,9634
FACB2,9635
FACA2,3149
FACA2,3150
FACA2,3151
FACA2,3152
FACA2,3153
FACA2,3154
FACA2,3155
FACA2,3156
FACA2,3157
FACA2,3158
FACA2,3159
FACA2,3160
FACA2,3161
FACA2,3162
FACA2,3163
FACA2,3164
FACA2,3165
FACA2,3166
FACA2,3167
FACA2,3168
FACA2,3169
FACA2,3170
FACA2,3171
FACA2,3172
FACA2,3173
FACA2,3174
FACA2,3175
FACA2,3176
FACB2,9636
FACB2,9637
FACB2,9638
FACB2,9639
FACB2,9640
FACB2,9641
FACB2,9642
FACB2,9643
FACB2,9644
FACB2,9645
FACB2,9646
FACB2,9647
FACB2,9648
FACB2,9649
FACB2,9650
FACB2,9651
FACB2,9652
FACB2,9653
FACB2,9654
FACB2,9655
FACB2,9656
FACB2,9657
FACB2,9658
FACB2,9659
FACB2,9660
FACB2,9661
FACB2,9662
FACB2,9663
FACB2,9664
FACB2,9665
FACB2,9666
FACB2,9667
FACB2,9668
FACB2,9669
FACB2,9670
FACB2,9671
FACB2,9672
FACB2,9673
FACB2,9674
FACB2,9675
FACB2,9676
FACB2,9677
FACB2,9678
FACB2,9679
FACB2,9680
FACB2,9681
FACB2,9682
FACB2,9683
FACB2,9684
FACB2,9685
FACB2,9686
FACB2,9687
FACB2,9688
FACB2,9689
FACB2,9690
FACB2,9691
FACB2,9692
FACB2,9693
FACB2,9694
FACB2,9695
FACB2,9696
FACB2,9697
FAECA,292
FAECA,293
FAECA,294
FAECA,295
FACA2,3177
FACA2,3178
FACA2,3179
FACA2,3180
FACA2,3181
FACA2,3182
FACA2,3183
FACA2,3184
FACA2,3185
FACA2,3186
FACA2,3187
FACA2,3188
FACA2,3189
FACA2,3190
FACA2,3191
FACA2,3192
FACA2,3193
FACA2,3194
FACA2,3195
FACA2,3196
FACA2,3197
FACB2,9698
FACB2,9699
FACB2,9700
FACB2,9701
FACB2,9702
FACB2,9703
FACB2,9704
FACB2,9705
FACB2,9706
FACB2,9707
FACB2,9708
FACB2,9709
FACB2,9710
FACB2,9711
FACB2,9712
FACB2,9713
FACB2,9714
FACB2,9715
FACB2,9716
FACB2,9717
FACB2,9718
FACB2,9719
FACB2,9720
FACB2,9721
FACB2,9722
FACB2,9723
FACB2,9724
FACB2,9725
FACB2,9726
FACB2,9727
FACB2,9728
FACB2,9729
FACB2,9730
FACB2,9731
FACB2,9732
FACB2,9733
FACB2,9734
FACB2,9735
FACB2,9736
FACB2,9737
FACB2,9738
FACB2,9739
FACB2,9740
FACB2,9741
FACB2,9742
FACB2,9743
FACB2,9744
FACB2,9745
FACB2,9746
FACB2,9747
FACB2,9748
FACA2,3198
FACA2,3199
FACA2,3200
FACA2,3201
FACA2,3202
FACA2,3203
FACA2,3204
FACA2,3205
FACA2,3206
FACA2,3207
FACA2,3208
FACA2,3209
FACA2,3210
FACA2,3211
FACA2,3212
FACA2,3213
FACA2,3214
FACB2,9749
FACB2,9750
FACB2,9751
FACB2,9752
FACB2,9753
FACB2,9754
FACB2,9755
FACB2,9756
FACB2,9757
FACB2,9758
FACB2,9759
FACB2,9760
FACB2,9761
FACB2,9762
FACB2,9763
FACB2,9764
FACB2,9765
FACB2,9766
FACB2,9767
FACB2,9768
FACB2,9769
FACB2,9770
FACB2,9771
FACB2,9772
FACB2,9773
FACB2,9774
FACB2,9775
FACB2,9776
FACB2,9777
FACB2,9778
FACB2,9779
FACB2,9780
FACB2,9781
FACB2,9782
FACB2,9783
FACB2,9784
FACB2,9785
FACB2,9786
FACB2,9787
FACB2,9788
FACB2,9789
FACB2,9790
FACB2,9791
FACB2,9792
FACB2,9793
FACB2,9794
FACB2,9795
FACB2,9796
FACB2,9797
FACB2,9798
FACB2,9799
FACB2,9800
FACB2,9801
FACB2,9802
FACB2,9803
FACB2,9804
FACB2,9805
FACB2,9806
FACB2,9807
FACB2,9808
FACB2,9809
FACB2,9810
FACB2,9811
FACB2,9812
FACB2,9813
FACB2,9814
FAECA,296
FAECA,297
FAECA,298
FAECA,299
FACA2,3215
FACA2,3216
FACA2,3217
FACA2,3218
FACA2,3219
FACA2,3220
FACA2,3221
FACA2,3222
FACA2,3223
FACA2,3224
FACA2,3225
FACA2,3226
FACB2,9815
FACB2,9816
FACB2,9817
FACB2,9818
FACB2,9819
FACB2,9820
FACB2,9821
FACB2,9822
FACB2,9823
FACB2,9824
FACB2,9825
FACB2,9826
FACB2,9827
FACB2,9828
FACB2,9829
FACB2,9830
FACB2,9831
FACB2,9832
FACB2,9833
FACB2,9834
FACB2,9835
FACB2,9836
FACB2,9837
FACB2,9838
FACB2,9839
FACB2,9840
FACB2,9841
FACB2,9842
FACB2,9843
FACB2,9844
FACB2,9845
FACB2,9846
FAECA,300
FAECA,301
FAECA,302
FAECA,303
FACA2,3227
FACA2,3228
FACA2,3229
FACA2,3230
FACA2,3231
FACA2,3232
FACA2,3233
FACA2,3234
FACA2,3235
FACA2,3236
FACA2,3237
FACA2,3238
FACA2,3239
FACA2,3240
FACA2,3241
FACA2,3242
FACA2,3243
FACA2,3244
FACB2,9847
FACB2,9848
FACB2,9849
FACB2,9850
FACB2,9851
FACB2,9852
FACB2,9853
FACB2,9854
FACB2,9855
FACB2,9856
FACB2,9857
FACB2,9858
FACB2,9859
FACB2,9860
FACB2,9861
FACB2,9862
FACB2,9863
FACB2,9864
FACB2,9865
FACB2,9866
FACB2,9867
FACB2,9868
FACB2,9869
FACB2,9870
FACB2,9871
FACB2,9872
FACB2,9873
FACB2,9874
FACB2,9875
FACB2,9876
FACB2,9877
FACB2,9878
FACB2,9879
FACB2,9880
FACB2,9881
FACB2,9882
FACB2,9883
FACB2,9884
FACB2,9885
FACB2,9886
FACB2,9887
FACB2,9888
FACB2,9889
FACB2,9890
FACB2,9891
FACB2,9892
FACB2,9893
FACB2,9894
FACB2,9895
FACB2,9896
FACB2,9897
FACB2,9898
FAECA,304
FACA2,3245
FACA2,3246
FACA2,3247
FACA2,3248
FACA2,3249
FACA2,3250
FACA2,3251
FACA2,3252
FACB2,9899
FACB2,9900
FACB2,9901
FACB2,9902
FACB2,9903
FACB2,9904
FACB2,9905
FACB2,9906
FACB2,9907
FACB2,9908
FACB2,9909
FACB2,9910
FACB2,9911
FACB2,9912
FACB2,9913
FACB2,9914
FACB2,9915
FACB2,9916
FACB2,9917
FACB2,9918
FACB2,9919
FACB2,9920
FACB2,9921
FACB2,9923
FACB2,9924
FACB2,9925
FACB2,9926
FACB2,9927
FACB2,9928
FACB2,9929
FACB2,9930
FACB2,9931
FACB2,9932
FAECA,305
FACA2,3253
FACA2,3254
FACA2,3255
FACA2,3256
FACA2,3257
FACA2,3258
FACA2,3259
FACA2,3260
FACA2,3261
FACA2,3262
FACB2,9933
FACB2,9934
FACB2,9935
FACB2,9936
FACB2,9937
FACB2,9938
FACB2,9939
FACB2,9940
FACB2,9941
FACB2,9942
FACB2,9943
FACB2,9944
FACB2,9945
FACB2,9946
FACB2,9947
FACB2,9948
FACB2,9949
FACB2,9950
FACB2,9951
FACB2,9952
FACB2,9953
FACB2,9954
FACB2,9955
FACB2,9956
FACB2,9957
FACB2,9958
FACB2,9959
FACB2,9960
FACB2,9961
FACB2,9962
FACB2,9963
FACB2,9964
FACB2,9965
FACB2,9966
FAECA,306
FAECA,307
FAECA,308
FAECA,309
FAECA,310
FAECA,311
FACA2,3263
FACA2,3264
FACA2,3265
FACA2,3266
FACA2,3267
FACA2,3268
FACA2,3269
FACA2,3270
FACA2,3271
FACA2,3272
FACA2,3273
FACA2,3274
FACA2,3275
FACA2,3276
FACA2,3277
FACA2,3278
FACA2,3279
FACA2,3280
FACA2,3281
FACB2,9967
FACB2,9968
FACB2,9969
FACB2,9970
FACB2,9971
FACB2,9972
FACB2,9973
FACB2,9974
FACB2,9975
FACB2,9976
FACB2,9977
FACB2,9978
FACB2,9979
FACB2,9980
FACB2,9981
FACB2,9982
FACB2,9983
FACB2,9984
FACB2,9985
FACB2,9986
FACB2,9987
FACB2,9988
FACB2,9989
FACB2,9990
FACB2,9991
FACB2,9992
FACB2,9993
FACB2,9994
FACB2,9995
FACB2,9996
FACB2,9997
FACB2,9998
FACB2,9999
FACB2,10000
FACB2,10001
FACB2,10002
FACB2,10003
FACB2,10004
FACB2,10005
FACB2,10006
FACB2,10007
FACB2,10008
FACB2,10009
FACB2,10010
FACB2,10011
FACB2,10012
FACB2,10013
FACB2,10014
FACB2,10015
FACB2,10016
FACB2,10017
FAECA,312
FACA2,3282
FACA2,3283
FACA2,3284
FACA2,3285
FACA2,3286
FACA2,3287
FACA2,3288
FACA2,3289
FACA2,3290
FACA2,3291
FACA2,3292
FACA2,3293
FACA2,3294
FACB2,10018
FACB2,10019
FACB2,10020
FACB2,10021
FACB2,10022
FACB2,10023
FACB2,10024
FACB2,10025
FACB2,10026
FACB2,10027
FACB2,10028
FACB2,10029
FACB2,10030
FACB2,10031
FACB2,10032
FACB2,10033
FACB2,10034
FACB2,10035
FACB2,10036
FACB2,10037
FACB2,10038
FACB2,10039
FACB2,10040
FACB2,10041
FACB2,10042
FACB2,10043
FACB2,10044
FACB2,10045
FACB2,10046
FACB2,10047
FACB2,10048
FACB2,10049
FACB2,10050
FACB2,10051
FACB2,10052
FACB2,10053
FACB2,10054
FACB2,10055
FACB2,10056
FAECA,313
FAECA,314
FAECA,315
FAECA,316
FAECA,317
FAECA,318
FACA2,3295
FACA2,3296
FACA2,3297
FACA2,3298
FACA2,3299
FACA2,3300
FACA2,3301
FACA2,3302
FACA2,3303
FACA2,3304
FACA2,3305
FACA2,3306
FACA2,3307
FACA2,3308
FACA2,3309
FACB2,10057
FACB2,10058
FACB2,10059
FACB2,10060
FACB2,10061
FACB2,10062
FACB2,10063
FACB2,10064
FACB2,10065
FACB2,10066
FACB2,10067
FACB2,10068
FACB2,10069
FACB2,10070
FACB2,10071
FACB2,10072
FACB2,10073
FACB2,10074
FACB2,10075
FACB2,10076
FACB2,10077
FACB2,10078
FACB2,10079
FACB2,10080
FACB2,10081
FACB2,10082
FACB2,10083
FACB2,10084
FACB2,10085
FACB2,10086
FACB2,10087
FACB2,10088
FACB2,10089
FACB2,10090
FACB2,10091
FACB2,10092
FACB2,10093
FACB2,10094
FACB2,10095
FACB2,10096
FACB2,10097
FACB2,10098
FACB2,10099
FACB2,10100
FACB2,10101
FACA2,3310
FACA2,3311
FACA2,3312
FACA2,3313
FACA2,3314
FACA2,3315
FACB2,10102
FACB2,10103
FACB2,10104
FACB2,10105
FACB2,10106
FACB2,10107
FACB2,10108
FACB2,10109
FACB2,10110
FACB2,10111
FACB2,10112
FACB2,10113
FACB2,10114
FACB2,10115
FACB2,10116
FACB2,10117
FACB2,10118
FACB2,10119
FACB2,10120
FACB2,10121
FACB2,10122
FAECA,319
FAECA,320
FAECA,321
FACA2,3316
FACA2,3317
FACA2,3318
FACA2,3319
FACB2,10123
FACB2,10124
FACB2,10125
FACB2,10126
FACB2,10127
FACB2,10128
FACB2,10129
FACB2,10130
FACB2,10131
FACB2,10132
FACB2,10133
FACB2,10134
FACB2,10135
FACB2,10136
FACB2,10137
FACB2,10138
FACB2,10139
FACB2,10140
FACB2,10141
FACB2,10142
FACB2,10143
FACB2,10144
FACB2,10145
FACB2,10146
FACB2,10147
FACB2,10148
FACB2,10149
FACB2,10150
FACB2,10151
FACB2,10152
FACB2,10153
FACB2,10154
FACB2,10155
FACB2,10156
FAECA,322
FACA2,3320
FACA2,3321
FACA2,3322
FACB2,10157
FACB2,10158
FACB2,10159
FACB2,10160
FACB2,10161
FACB2,10162
FACB2,10163
FACB2,10164
FACB2,10165
FACB2,10166
FACB2,10167
FACB2,10168
FACB2,10169
FACB2,10170
FACB2,10171
FAECA,323
FAECA,324
FAECA,325
FACB2,10173
FACB2,10174
FACB2,10175
FACA2,3323
FACB2,10176
FACA2,3324
FACB2,10177
FACB2,10178
FACB2,10180
FACB2,10181
FACB2,10182
FACB2,10183
FACB2,10184
FACB2,10185
FACB2,10186
FACB2,10187
FACB2,10188
FACB2,10189
FAECA,326
FACA2,3325
FACA2,3326
FACA2,3327
FACA2,3328
FACA2,3329
FACB2,10190
FACB2,10191
FACB2,10192
FACB2,10193
FACB2,10194
FACB2,10195
FACB2,10196
FACB2,10197
FACB2,10198
FACB2,10199
FACB2,10200
FACB2,10201
FACB2,10202
FACB2,10203
FACB2,10204
FACB2,10205
FACB2,10206
FACB2,10207
FAECA,327
FACA2,3330
FACA2,3331
FACA2,3332
FACB2,10208
FACB2,10209
FACB2,10210
FACB2,10211
FACB2,10212
FACB2,10213
FACB2,10214
FACB2,10215
FACB2,10216
FACB2,10217
FACB2,10218
FACB2,10219
FACB2,10220
FACB2,10221
FACB2,10222
FACB2,10223
FACB2,10224
FACB2,10225
FACB2,10226
FACB2,10227
FACB2,10228
FACB2,10229
FACB2,10230
FACB2,10231
FAECA,328
FAECA,329
FAECA,330
FACA2,3333
FACA2,3334
FACA2,3335
FACA2,3336
FACA2,3337
FACA2,3338
FACA2,3339
FACA2,3340
FACA2,3341
FACA2,3342
FACA2,3343
FACA2,3344
FACA2,3345
FACA2,3346
FACA2,3347
FACA2,3348
FACA2,3349
FACA2,3350
FACA2,3351
FACA2,3352
FACA2,3353
FACA2,3354
FACA2,3355
FACA2,3356
FACB2,10232
FACB2,10233
FACB2,10234
FACB2,10235
FACB2,10236
FACB2,10237
FACB2,10238
FACB2,10239
FACB2,10240
FACB2,10241
FACB2,10242
FACB2,10243
FACB2,10244
FACB2,10245
FACB2,10246
FACB2,10247
FACB2,10248
FACB2,10249
FACB2,10250
FACB2,10251
FACB2,10252
FACB2,10253
FACB2,10254
FACB2,10255
FACB2,10256
FACB2,10257
FACB2,10258
FACB2,10259
FACB2,10260
FACB2,10261
FACB2,10262
FACB2,10263
FACB2,10264
FACB2,10265
FACB2,10266
FACB2,10267
FACB2,10268
FACB2,10269
FACB2,10270
FACB2,10271
FACB2,10272
FACB2,10273
FACB2,10274
FACB2,10275
FACB2,10276
FACB2,10277
FACB2,10278
FACB2,10279
FACB2,10280
FACB2,10281
FACB2,10282
FACB2,10283
FAECA,331
FAECA,332
FAECA,333
FACA2,3357
FACA2,3358
FACA2,3359
FACA2,3360
FACA2,3361
FACA2,3362
FACB2,10284
FACB2,10285
FACB2,10286
FACB2,10287
FACB2,10288
FACB2,10289
FACB2,10290
FACB2,10291
FACB2,10292
FACB2,10293
FACB2,10294
FACB2,10295
FACB2,10296
FACB2,10297
FACB2,10298
FACB2,10299
FACB2,10300
FACB2,10301
FAECA,334
FACA2,3363
FACA2,3364
FACA2,3365
FACA2,3366
FACA2,3367
FACA2,3368
FACA2,3369
FACB2,10302
FACB2,10303
FACB2,10304
FACB2,10305
FACB2,10306
FACB2,10307
FACB2,10308
FACB2,10309
FACB2,10310
FACB2,10311
FACB2,10312
FACB2,10313
FACB2,10314
FACB2,10315
FACB2,10316
FACB2,10317
FACB2,10318
FACB2,10319
FACB2,10320
FACB2,10321
FACB2,10322
FACB2,10323
FACB2,10324
FACB2,10325
FACB2,10326
FACB2,10327
FACB2,10328
FACB2,10329
FACB2,10330
FACB2,10331
FACB2,10332
FACB2,10333
FACB2,10334
FACB2,10335
FAECA,335
FAECA,336
FAECA,337
FAECA,338
FAECA,339
FAECA,340
FAECA,341
FACA2,3370
FACA2,3371
FACA2,3372
FACA2,3373
FACA2,3374
FACA2,3375
FACA2,3376
FACA2,3377
FACA2,3378
FACA2,3379
FACA2,3380
FACA2,3381
FACB2,10336
FACB2,10337
FACB2,10338
FACB2,10339
FACB2,10340
FACB2,10341
FACB2,10342
FACB2,10343
FACB2,10344
FACB2,10345
FACB2,10346
FACB2,10347
FACB2,10348
FACB2,10349
FACB2,10350
FACB2,10351
FACB2,10352
FACB2,10353
FACB2,10354
FACB2,10355
FACB2,10356
FACB2,10357
FACB2,10358
FACB2,10359
FACB2,10360
FACB2,10361
FACB2,10362
FACB2,10363
FACB2,10364
FACB2,10365
FACB2,10366
FACB2,10367
FACB2,10368
FACB2,10369
FACB2,10370
FACB2,10371
FACB2,10372
FACB2,10373
FACB2,10374
FACB2,10375
FACB2,10376
FACB2,10377
FACB2,10378
FACB2,10379
FACB2,10380
FACB2,10381
FAECA,342
FAECA,343
FAECA,344
FAECA,345
FAECA,346
FACA2,3382
FACA2,3383
FACA2,3384
FACA2,3385
FACA2,3386
FACA2,3387
FACA2,3388
FACA2,3389
FACA2,3390
FACA2,3391
FACA2,3392
FACA2,3393
FACB2,10382
FACB2,10383
FACB2,10384
FACB2,10385
FACB2,10386
FACB2,10387
FACB2,10388
FACB2,10389
FACB2,10390
FACB2,10391
FACB2,10392
FACB2,10393
FACB2,10394
FACB2,10395
FACB2,10396
FACB2,10397
FACB2,10398
FACB2,10399
FACB2,10400
FACB2,10401
FACB2,10402
FACB2,10403
FACB2,10404
FACB2,10405
FACB2,10406
FAECA,347
FAECA,348
FAECA,349
FACA2,3394
FACA2,3395
FACA2,3396
FACA2,3397
FACA2,3398
FACA2,3399
FACA2,3400
FACA2,3401
FACA2,3402
FACA2,3403
FACB2,10407
FACB2,10408
FACB2,10409
FACB2,10410
FACB2,10411
FACB2,10412
FACB2,10413
FACB2,10414
FACB2,10415
FACB2,10416
FACB2,10417
FACB2,10418
FACB2,10419
FACB2,10420
FACB2,10421
FACB2,10422
FACB2,10423
FACB2,10424
FACB2,10425
FACB2,10426
FACB2,10427
FACB2,10428
FACB2,10429
FACB2,10430
FACB2,10431
FACB2,10432
FACB2,10433
FACB2,10434
FACB2,10435
FACB2,10436
FACB2,10437
FACB2,10438
FACB2,10439
FACB2,10440
FACB2,10441
FACB2,10442
FACB2,10443
FACB2,10444
FACB2,10445
FACA2,3404
FACA2,3405
FACA2,3406
FACA2,3407
FACA2,3408
FACA2,3409
FACA2,3410
FACB2,10446
FACB2,10447
FACB2,10448
FACB2,10449
FACB2,10450
FACB2,10451
FACB2,10452
FACB2,10453
FACB2,10454
FACB2,10455
FACB2,10456
FACB2,10457
FACB2,10458
FACB2,10459
FACB2,10460
FACB2,10461
FACB2,10462
FACB2,10463
FACB2,10464
FACB2,10465
FACB2,10466
FACB2,10467
FACB2,10468
FACB2,10469
FACB2,10470
FACB2,10471
FACB2,10472
FACB2,10473
FACB2,10474
FACB2,10475
FACB2,10476
FACB2,10477
FACB2,10478
FACB2,10479
FACB2,10480
FACB2,10481
FACB2,10482
FACB2,10483
FAECA,350
FAECA,351
FAECA,352
FAECA,353
FACA2,3411
FACA2,3412
FACA2,3413
FACA2,3414
FACA2,3415
FACA2,3416
FACA2,3417
FACA2,3418
FACA2,3419
FACA2,3420
FACA2,3421
FACA2,3422
FACA2,3423
FACA2,3424
FACA2,3425
FACA2,3426
FACA2,3427
FACA2,3428
FACA2,3429
FACA2,3430
FACB2,10484
FACB2,10485
FACB2,10486
FACB2,10487
FACB2,10488
FACB2,10489
FACB2,10490
FACB2,10491
FACB2,10492
FACB2,10493
FACB2,10494
FACB2,10495
FACB2,10496
FACB2,10497
FACB2,10498
FACB2,10499
FACB2,10500
FACB2,10501
FACB2,10502
FACB2,10503
FACB2,10504
FACB2,10505
FACB2,10506
FACB2,10507
FACB2,10508
FACB2,10509
FACB2,10510
FACB2,10511
FACB2,10512
FACB2,10513
FACB2,10514
FACB2,10515
FACB2,10516
FACB2,10517
FACB2,10518
FACB2,10519
FACB2,10520
FACB2,10521
FACB2,10522
FACB2,10523
FACB2,10524
FACB2,10525
FACB2,10526
FACB2,10527
FACB2,10528
FACB2,10529
FACB2,10530
FACB2,10531
FACB2,10532
FACB2,10533
FACB2,10534
FACB2,10535
FACB2,10536
FACB2,10537
FACB2,10538
FACB2,10539
FAECA,354
FAECA,355
FACA2,3431
FACA2,3432
FACA2,3433
FACB2,10540
FACB2,10541
FACB2,10542
FACB2,10543
FACB2,10544
FACB2,10545
FACB2,10546
FACB2,10547
FACB2,10548
FACB2,10549
FACB2,10550
FACB2,10551
FACB2,10552
FACB2,10553
FACB2,10554
FACB2,10555
FACA2,3434
FACA2,3435
FACA2,3436
FACA2,3437
FACA2,3438
FACA2,3439
FACA2,3440
FACA2,3441
FACA2,3442
FACA2,3443
FACA2,3444
FACA2,3445
FACB2,10556
FACB2,10557
FACB2,10558
FACB2,10559
FACB2,10560
FACB2,10561
FACB2,10562
FACB2,10563
FACB2,10564
FACB2,10565
FACB2,10566
FACB2,10567
FACB2,10568
FACB2,10569
FACB2,10570
FACB2,10571
FACB2,10572
FACB2,10573
FACB2,10574
FACB2,10575
FACB2,10576
FACB2,10577
FACB2,10578
FACB2,10579
FACB2,10580
FACB2,10581
FACB2,10582
FACB2,10583
FACB2,10584
FACB2,10585
FACB2,10586
FACB2,10587
FACB2,10588
FACB2,10589
FACB2,10590
FACB2,10591
FACB2,10592
FACB2,10593
FACB2,10594
FACB2,10595
FACB2,10596
FAECA,356
FACA2,3446
FACA2,3447
FACA2,3448
FACA2,3449
FACA2,3450
FACA2,3451
FACA2,3452
FACA2,3453
FACA2,3454
FACA2,3455
FACA2,3456
FACB2,10597
FACB2,10598
FACB2,10599
FACB2,10600
FACB2,10601
FACB2,10602
FACB2,10603
FACB2,10604
FACB2,10605
FACB2,10606
FACB2,10607
FACB2,10608
FACB2,10609
FACB2,10610
FACB2,10611
FACB2,10612
FACB2,10613
FACB2,10614
FACB2,10615
FACB2,10616
FACB2,10617
FACB2,10618
FACB2,10619
FACB2,10620
FACB2,10621
FACB2,10622
FACB2,10623
FACB2,10624
FACB2,10625
FAECA,357
FAECA,358
FAECA,359
FAECA,360
FAECA,361
FACA2,3457
FACA2,3458
FACA2,3459
FACA2,3460
FACA2,3461
FACA2,3462
FACA2,3463
FACA2,3464
FACA2,3465
FACA2,3466
FACA2,3467
FACA2,3468
FACA2,3469
FACA2,3470
FACA2,3471
FACA2,3472
FACA2,3473
FACA2,3474
FACA2,3475
FACA2,3476
FACA2,3477
FACA2,3478
FACA2,3479
FACA2,3480
FACA2,3481
FACA2,3482
FACA2,3483
FACA2,3484
FACB2,10626
FACB2,10627
FACB2,10628
FACB2,10629
FACB2,10630
FACB2,10631
FACB2,10632
FACB2,10633
FACB2,10634
FACB2,10635
FACB2,10636
FACB2,10637
FACB2,10638
FACB2,10639
FACB2,10640
FACB2,10641
FACB2,10642
FACB2,10643
FACB2,10644
FACB2,10645
FACB2,10646
FACB2,10647
FACB2,10648
FACB2,10649
FACB2,10650
FACB2,10651
FACB2,10652
FACB2,10653
FACB2,10654
FACB2,10655
FACB2,10656
FACB2,10657
FACB2,10658
FACB2,10659
FACB2,10660
FACB2,10661
FACB2,10662
FACB2,10663
FACB2,10664
FACB2,10665
FACB2,10666
FACB2,10667
FACB2,10668
FACB2,10669
FACB2,10670
FACB2,10671
FACB2,10672
FACB2,10673
FACB2,10674
FACB2,10675
FACB2,10676
FACB2,10677
FACB2,10678
FACB2,10679
FACB2,10680
FACB2,10681
FACB2,10682
FACB2,10683
FACB2,10684
FACB2,10685
FACB2,10686
FACB2,10687
FACB2,10688
FACB2,10689
FACB2,10690
FACB2,10691
FACB2,10692
FACB2,10693
FACB2,10694
FACB2,10695
FACB2,10696
FACB2,10697
FACB2,10698
FACB2,10699
FACB2,10700
FACB2,10701
FACB2,10702
FACB2,10703
FACB2,10704
FACB2,10705
FAECA,362
FAECA,363
FAECA,364
FAECA,365
FACA2,3485
FACA2,3486
FACA2,3487
FACA2,3488
FACA2,3489
FACA2,3490
FACA2,3491
FACA2,3492
FACA2,3493
FACA2,3494
FACA2,3495
FACA2,3496
FACA2,3497
FACA2,3498
FACA2,3499
FACB2,10706
FACB2,10707
FACB2,10708
FACB2,10709
FACB2,10710
FACB2,10711
FACB2,10712
FACB2,10713
FACB2,10714
FACB2,10715
FACB2,10716
FACB2,10717
FACB2,10718
FACB2,10719
FACB2,10720
FACB2,10721
FACB2,10722
FACB2,10723
FACB2,10724
FACB2,10725
FACB2,10726
FACB2,10727
FACB2,10728
FACB2,10729
FACB2,10730
FACB2,10731
FACB2,10732
FACB2,10733
FACB2,10734
FACB2,10735
FACB2,10736
FACB2,10737
FACB2,10738
FACB2,10739
FACB2,10740
FACB2,10741
FACB2,10742
FACB2,10743
FACB2,10744
FACB2,10745
FACB2,10746
FACB2,10747
FACB2,10748
FACB2,10749
FACB2,10750
FACB2,10753
FACB2,10754
FACB2,10755
FACB2,10756
FACB2,10757
FACB2,10758
FACB2,10759
FACB2,10760
FACB2,10761
FACB2,10762
FACB2,10763
FACB2,10764
FAECA,366
FAECA,367
FAECA,368
FAECA,369
FAECA,370
FAECA,371
FAECA,372
FACA2,3500
FACA2,3501
FACA2,3502
FACB2,10765
FACB2,10766
FACB2,10767
FACB2,10768
FACB2,10769
FACB2,10770
FACB2,10771
FACB2,10772
FACB2,10773
FACB2,10774
FACB2,10775
FACB2,10776
FACB2,10777
FACB2,10778
FAECA,373
FACB2,10780
FACB2,10781
FACB2,10782
FACA2,3503
FACB2,10783
FACB2,10784
FACB2,10785
FACB2,10786
FACA2,3504
FACA2,3505
FACB2,10789
FACB2,10792
FACB2,10793
FACB2,10794
FACB2,10795
FACB2,10796
FAECA,374
FAECA,375
FACA2,3506
FACB2,10797
FACB2,10798
FACB2,10799
FACB2,10800
FACB2,10801
FACB2,10802
FAECA,376
FAECA,377
FACA2,3507
FACA2,3508
FACA2,3509
FACA2,3510
FACA2,3511
FACA2,3512
FACA2,3513
FACA2,3514
FACB2,10803
FACB2,10804
FACB2,10805
FACB2,10806
FACB2,10807
FACB2,10808
FACB2,10809
FACB2,10810
FACB2,10811
FACB2,10812
FACB2,10813
FACB2,10814
FACB2,10815
FACB2,10816
FACB2,10817
FACB2,10818
FACB2,10819
FACB2,10820
FACB2,10821
FACB2,10822
FACB2,10823
FACB2,10824
FACB2,10825
FACB2,10826
FACB2,10827
FACB2,10828
FACB2,10830
FACB2,10831
FACB2,10832
FAECA,378
FACA2,3515
FACA2,3516
FACB2,10833
FACB2,10834
FACB2,10835
FACB2,10836
FACB2,10837
FACB2,10838
FACB2,10839
FACB2,10840
FACB2,10841
FACB2,10842
FACB2,10843
FACB2,10844
FACB2,10845
FACB2,10846
FACB2,10847
FACB2,10848
FAECA,379
FACA2,3517
FACA2,3518
FACB2,10849
FACB2,10850
FACB2,10851
FACB2,10852
FACB2,10853
FACB2,10854
FACB2,10855
FACB2,10856
FACB2,10857
FACB2,10858
FACB2,10859
FACB2,10860
FACB2,10861
FACB2,10862
FACB2,10863
FACB2,10864
FAECA,380
FAECA,381
FAECA,382
FAECA,383
FACA2,3519
FACA2,3520
FACA2,3521
FACA2,3522
FACA2,3523
FACA2,3524
FACA2,3525
FACA2,3526
FACB2,10865
FACB2,10866
FACB2,10867
FACB2,10868
FACB2,10869
FACB2,10870
FACB2,10871
FACB2,10872
FACB2,10873
FACB2,10874
FACB2,10875
FACB2,10876
FACB2,10877
FACB2,10878
FACB2,10879
FACB2,10880
FACB2,10881
FACB2,10882
FACB2,10883
FACB2,10884
FACB2,10885
FACB2,10886
FACB2,10887
FAECA,384
FACA2,3527
FACA2,3528
FACA2,3529
FACA2,3530
FACA2,3531
FACA2,3532
FACA2,3533
FACB2,10888
FACB2,10889
FACB2,10890
FACB2,10891
FACB2,10892
FACB2,10893
FACB2,10894
FACB2,10895
FACB2,10896
FACB2,10897
FACB2,10898
FACB2,10899
FACB2,10900
FACB2,10901
FACB2,10902
FACB2,10903
FACB2,10904
FACB2,10905
FACB2,10906
FACB2,10907
FACB2,10908
FACB2,10909
FACB2,10910
FACB2,10911
FACB2,10912
FACB2,10913
FACB2,10914
FACB2,10915
FACB2,10916
FACB2,10917
FACB2,10918
FACB2,10919
FACB2,10920
FACB2,10921
FACB2,10922
FACB2,10923
FACB2,10924
FACB2,10925
FACB2,10926
FACB2,10927
FAECA,385
FAECA,386
FAECA,387
FAECA,388
FAECA,389
FAECA,390
FACA2,3534
FACA2,3535
FACA2,3536
FACA2,3537
FACA2,3538
FACB2,10928
FACB2,10929
FACB2,10930
FACB2,10931
FACB2,10932
FACB2,10933
FACB2,10934
FACB2,10935
FACB2,10936
FACB2,10937
FACB2,10938
FACB2,10939
FACB2,10940
FACB2,10941
FACB2,10942
FACB2,10943
FACB2,10944
FACB2,10945
FACB2,10946
FACB2,10947
FACB2,10948
FACB2,10949
FACB2,10950
FACB2,10951
FACB2,10952
FACB2,10953
FACB2,10954
FACB2,10955
FACB2,10956
FACB2,10957
FACB2,10958
FACB2,10959
FACB2,10960
FACB2,10961
FACB2,10962
FACB2,10963
FACB2,10964
FACB2,10965
FACB2,10966
FAECA,391
FAECA,392
FAECA,393
FAECA,394
FAECA,395
FACA2,3539
FACA2,3540
FACA2,3541
FACA2,3542
FACA2,3543
FACA2,3544
FACB2,10967
FACB2,10968
FACB2,10969
FACB2,10970
FACB2,10971
FACB2,10972
FACB2,10973
FACB2,10974
FACB2,10975
FACB2,10976
FACB2,10977
FACB2,10978
FACB2,10979
FACB2,10980
FACB2,10981
FACB2,10982
FACB2,10983
FACB2,10984
FACB2,10985
FACB2,10986
FACB2,10987
FACB2,10988
FACB2,10989
FACB2,10990
FACB2,10991
FAECA,396
FAECA,397
FAECA,398
FACA2,3545
FACA2,3546
FACA2,3547
FACA2,3548
FACA2,3549
FACA2,3550
FACA2,3551
FACA2,3552
FACA2,3553
FACA2,3554
FACA2,3555
FACA2,3556
FACA2,3557
FACA2,3558
FACA2,3559
FACB2,10992
FACB2,10993
FACB2,10994
FACB2,10995
FACB2,10996
FACB2,10997
FACB2,10998
FACB2,10999
FACB2,11000
FACB2,11001
FACB2,11002
FACB2,11003
FACB2,11004
FACB2,11005
FACB2,11006
FACB2,11007
FACB2,11008
FACB2,11009
FACB2,11010
FACB2,11011
FACB2,11012
FACB2,11013
FACB2,11014
FACB2,11015
FACB2,11016
FACB2,11017
FACB2,11018
FACB2,11019
FACB2,11020
FACB2,11021
FACB2,11022
FACB2,11023
FACB2,11024
FACB2,11025
FACB2,11026
FACB2,11027
FACB2,11028
FACB2,11029
FACB2,11030
FACB2,11031
FACB2,11032
FACB2,11033
FACB2,11034
FACB2,11035
FACB2,11036
FACB2,11037
FACB2,11038
FACB2,11039
FAECA,399
FAECA,400
FAECA,401
FAECA,402
FAECA,403
FAECA,404
FAECA,405
FACA2,3560
FACA2,3561
FACA2,3562
FACA2,3563
FACA2,3564
FACA2,3565
FACA2,3566
FACB2,11040
FACB2,11041
FACB2,11042
FACB2,11043
FACB2,11044
FACB2,11045
FACB2,11046
FACB2,11047
FACB2,11048
FACB2,11049
FACB2,11050
FACB2,11051
FACB2,11052
FACB2,11053
FACB2,11054
FACB2,11055
FACB2,11056
FACB2,11057
FACB2,11058
FACB2,11059
FACB2,11060
FACB2,11061
FACB2,11062
FACB2,11063
FACB2,11064
FACB2,11065
FACB2,11066
FACB2,11067
FACB2,11068
FACB2,11069
FACB2,11070
FACB2,11071
FACB2,11072
FACB2,11073
FACB2,11074
FACB2,11075
FACB2,11076
FACB2,11077
FACB2,11078
FACB2,11079
FAECA,406
FAECA,407
FACA2,3567
FACA2,3568
FACA2,3569
FACA2,3570
FACA2,3571
FACA2,3572
FACA2,3573
FACA2,3574
FACA2,3575
FACA2,3576
FACA2,3577
FACA2,3578
FACB2,11080
FACB2,11081
FACB2,11082
FACB2,11083
FACB2,11084
FACB2,11085
FACB2,11086
FACB2,11087
FACB2,11088
FACB2,11089
FACB2,11090
FACB2,11091
FACB2,11092
FACB2,11093
FACB2,11094
FACB2,11095
FACB2,11096
FACB2,11097
FACB2,11098
FACB2,11099
FACB2,11100
FACB2,11101
FACB2,11102
FACB2,11103
FACB2,11104
FACB2,11105
FACB2,11106
FACB2,11107
FACB2,11108
FACB2,11109
FACB2,11110
FACB2,11111
FACB2,11112
FACB2,11113
FACB2,11114
FACB2,11115
FACB2,11116
FACB2,11117
FACB2,11118
FACB2,11119
FACB2,11120
FACB2,11121
FACB2,11122
FACB2,11123
FACB2,11124
FACB2,11125
FACB2,11126
FACB2,11127
FACB2,11128
FACB2,11129
FACB2,11130
FACB2,11131
FACB2,11132
FACB2,11133
FAECA,408
FAECA,409
FAECA,410
FAECA,411
FACA2,3579
FACA2,3580
FACA2,3581
FACA2,3582
FACA2,3583
FACA2,3584
FACA2,3585
FACA2,3586
FACA2,3587
FACB2,11134
FACB2,11135
FACB2,11136
FACB2,11137
FACB2,11138
FACB2,11139
FACB2,11140
FACB2,11141
FACB2,11142
FACB2,11143
FACB2,11144
FACB2,11145
FACB2,11146
FACB2,11147
FACB2,11148
FACB2,11149
FACB2,11150
FACB2,11151
FACB2,11152
FAECA,412
FAECA,413
FAECA,414
FAECA,415
FACA2,3588
FACA2,3589
FACA2,3590
FACA2,3591
FACA2,3592
FACA2,3593
FACA2,3594
FACA2,3595
FACA2,3596
FACA2,3597
FACA2,3598
FACA2,3599
FACA2,3600
FACA2,3601
FACA2,3602
FACA2,3603
FACA2,3604
FACA2,3605
FACA2,3606
FACA2,3607
FACA2,3608
FACA2,3609
FACA2,3610
FACA2,3611
FACB2,11153
FACB2,11154
FACB2,11155
FACB2,11156
FACB2,11157
FACB2,11158
FACB2,11159
FACB2,11160
FACB2,11161
FACB2,11162
FACB2,11163
FACB2,11164
FACB2,11165
FACB2,11166
FACB2,11167
FACB2,11168
FACB2,11169
FACB2,11170
FACB2,11171
FACB2,11172
FACB2,11173
FACB2,11174
FACB2,11175
FACB2,11176
FACB2,11177
FACB2,11178
FACB2,11179
FACB2,11180
FACB2,11181
FACB2,11182
FACB2,11183
FACB2,11184
FACB2,11185
FACB2,11186
FACB2,11187
FACB2,11188
FACB2,11189
FACB2,11190
FACB2,11191
FACB2,11192
FACB2,11193
FACB2,11194
FACB2,11195
FACB2,11196
FACB2,11197
FACB2,11198
FACB2,11199
FACB2,11200
FACB2,11201
FACB2,11202
FACB2,11203
FACB2,11204
FACB2,11205
FACB2,11206
FACB2,11207
FACB2,11208
FACB2,11209
FACB2,11210
FACB2,11211
FACB2,11212
FACB2,11213
FACB2,11214
FACB2,11215
FACB2,11216
FACB2,11217
FACB2,11218
FACB2,11219
FACB2,11220
FACB2,11221
FACB2,11222
FACB2,11223
FACB2,11224
FACB2,11225
FACB2,11226
FACB2,11227
FACB2,11228
FACB2,11229
FACB2,11230
FACB2,11231
FACB2,11232
FACB2,11233
FACB2,11234
FAECA,416
FAECA,417
FACA2,3612
FACA2,3613
FACA2,3614
FACA2,3615
FACA2,3616
FACA2,3617
FACA2,3618
FACA2,3619
FACA2,3620
FACA2,3621
FACA2,3622
FACA2,3623
FACA2,3624
FACA2,3625
FACA2,3626
FACA2,3627
FACA2,3628
FACA2,3629
FACA2,3630
FACB2,11235
FACB2,11236
FACB2,11237
FACB2,11238
FACB2,11239
FACB2,11240
FACB2,11241
FACB2,11242
FACB2,11243
FACB2,11244
FACB2,11245
FACB2,11246
FACB2,11247
FACB2,11248
FACB2,11249
FACB2,11250
FACB2,11251
FACB2,11252
FACB2,11253
FACB2,11254
FACB2,11255
FACB2,11256
FACB2,11257
FACB2,11258
FACB2,11259
FACB2,11260
FACB2,11261
FACB2,11262
FACB2,11263
FACB2,11264
FACB2,11265
FACB2,11266
FACB2,11267
FACB2,11268
FACB2,11269
FACB2,11270
FACB2,11271
FACB2,11272
FACB2,11273
FACB2,11274
FACB2,11275
FACB2,11276
FACB2,11277
FACB2,11278
FACB2,11279
FACB2,11280
FACB2,11281
FACB2,11282
FACB2,11283
FACB2,11284
FACB2,11285
FACB2,11286
FACB2,11287
FACB2,11288
FACB2,11289
FACB2,11290
FACB2,11291
FACB2,11292
FACB2,11293
FAECA,418
FAECA,419
FAECA,420
FAECA,421
FACA2,3631
FACA2,3632
FACA2,3633
FACA2,3634
FACA2,3635
FACA2,3636
FACA2,3637
FACA2,3638
FACA2,3639
FACA2,3640
FACA2,3641
FACA2,3642
FACA2,3643
FACA2,3644
FACA2,3645
FACA2,3646
FACA2,3647
FACA2,3648
FACA2,3649
FACA2,3650
FACA2,3651
FACA2,3652
FACA2,3653
FACA2,3654
FACA2,3655
FACA2,3656
FACB2,11294
FACB2,11295
FACB2,11296
FACB2,11297
FACB2,11298
FACB2,11299
FACB2,11300
FACB2,11301
FACB2,11302
FACB2,11303
FACB2,11304
FACB2,11305
FACB2,11306
FACB2,11307
FACB2,11308
FACB2,11309
FACB2,11310
FACB2,11311
FACB2,11312
FACB2,11313
FACB2,11314
FACB2,11315
FACB2,11316
FACB2,11317
FACB2,11318
FACB2,11319
FACB2,11320
FACB2,11321
FACB2,11322
FACB2,11323
FACB2,11324
FACB2,11325
FACB2,11326
FACB2,11327
FACB2,11328
FACB2,11329
FACB2,11330
FACB2,11331
FACB2,11332
FACB2,11333
FACB2,11334
FACB2,11335
FACB2,11336
FACB2,11337
FACB2,11338
FACB2,11339
FACB2,11340
FACB2,11341
FACB2,11342
FACB2,11343
FACB2,11344
FACB2,11345
FACB2,11346
FACB2,11347
FACB2,11348
FACB2,11349
FACB2,11350
FACB2,11351
FACB2,11352
FACB2,11353
FACB2,11354
FACB2,11355
FACB2,11356
FACB2,11357
FACB2,11358
FACB2,11359
FACB2,11360
FACB2,11361
FACB2,11362
FACB2,11363
FACB2,11364
FACB2,11365
FACB2,11366
FACB2,11367
FACB2,11368
FACB2,11369
FAECA,422
FAECA,423
FAECA,424
FAECA,425
FAECA,426
FACB2,11370
FACB2,11371
FACB2,11372
FACB2,11373
FACB2,11374
FACB2,11375
FACB2,11376
FACB2,11377
FACB2,11378
FACB2,11379
FACB2,11380
FACB2,11381
FACB2,11382
FACB2,11383
FACB2,11384
FACB2,11385
FAECA,427
FACA2,3657
FACA2,3658
FACA2,3659
FACA2,3660
FACA2,3661
FACA2,3662
FACA2,3663
FACA2,3664
FACA2,3665
FACA2,3666
FACA2,3667
FACB2,11386
FACB2,11387
FACB2,11388
FACB2,11389
FACB2,11390
FACB2,11391
FACB2,11392
FACB2,11393
FACB2,11394
FACB2,11395
FACB2,11396
FACB2,11397
FACB2,11398
FACB2,11399
FACB2,11400
FACB2,11401
FACB2,11402
FACB2,11403
FACB2,11404
FACB2,11405
FACB2,11406
FACB2,11407
FACB2,11408
FACB2,11409
FACB2,11410
FACB2,11411
FACB2,11412
FACB2,11413
FACB2,11414
FACB2,11415
FACB2,11416
FACB2,11417
FACB2,11418
FACB2,11419
FACB2,11420
FAECA,428
FAECA,429
FAECA,430
FAECA,431
FAECA,432
FACA2,3668
FACB2,11421
FACB2,11422
FACB2,11423
FACB2,11424
FACB2,11425
FACA2,3669
FACA2,3670
FACA2,3671
FACA2,3672
FACA2,3673
FACA2,3674
FACA2,3675
FACA2,3676
FACA2,3677
FACA2,3678
FACA2,3679
FACA2,3680
FACA2,3681
FACB2,11426
FACB2,11428
FACB2,11429
FACB2,11430
FACB2,11431
FACB2,11432
FACB2,11433
FACB2,11434
FACB2,11435
FACB2,11436
FACB2,11437
FACB2,11438
FACB2,11439
FACB2,11440
FACB2,11441
FACB2,11442
FACB2,11443
FACB2,11444
FACB2,11445
FACB2,11446
FACB2,11447
FACB2,11448
FACB2,11449
FAECA,433
FAECA,434
FAECA,435
FACA2,3682
FACA2,3683
FACA2,3684
FACA2,3685
FACA2,3686
FACA2,3687
FACA2,3688
FACA2,3689
FACA2,3690
FACA2,3691
FACA2,3692
FACA2,3693
FACA2,3694
FACA2,3695
FACA2,3696
FACA2,3697
FACB2,11450
FACB2,11451
FACB2,11452
FACB2,11453
FACB2,11454
FACB2,11455
FACB2,11456
FACB2,11457
FACB2,11458
FACB2,11459
FACB2,11460
FACB2,11461
FACB2,11462
FACB2,11463
FACB2,11464
FACB2,11465
FACB2,11466
FACB2,11467
FACB2,11468
FACB2,11469
FACB2,11470
FACB2,11471
FACB2,11472
FACB2,11473
FACB2,11474
FACB2,11475
FACB2,11476
FACB2,11477
FACB2,11478
FACB2,11479
FACB2,11480
FACB2,11481
FACB2,11482
FACB2,11483
FACB2,11484
FACB2,11485
FACB2,11486
FACB2,11487
FACB2,11488
FACB2,11489
FACB2,11490
FACB2,11491
FACB2,11492
FACB2,11493
FACB2,11494
FACB2,11495
FACB2,11496
FACB2,11497
FACB2,11498
FACB2,11499
FACB2,11500
FAECA,436
FACA2,3698
FACA2,3699
FACA2,3700
FACB2,11501
FACB2,11502
FACB2,11503
FACB2,11504
FACB2,11505
FACB2,11506
FACB2,11507
FACB2,11508
FACB2,11509
FACB2,11510
FACB2,11511
FACB2,11512
FACB2,11513
FACB2,11514
FACB2,11515
FACB2,11516
FACB2,11517
FACB2,11518
FAECA,437
FACA2,3701
FACA2,3702
FACA2,3703
FACA2,3704
FACA2,3705
FACA2,3706
FACA2,3707
FACA2,3708
FACA2,3709
FACA2,3710
FACA2,3711
FACA2,3712
FACA2,3713
FACA2,3714
FACA2,3715
FACA2,3716
FACA2,3717
FACB2,11520
FACB2,11521
FACB2,11522
FACB2,11523
FACB2,11524
FACB2,11525
FACB2,11526
FACB2,11527
FACB2,11528
FACB2,11529
FACB2,11530
FACB2,11531
FACB2,11532
FACB2,11533
FACB2,11534
FACB2,11535
FACB2,11536
FACB2,11537
FACB2,11538
FACB2,11539
FACB2,11540
FACB2,11541
FACB2,11542
FACB2,11543
FACB2,11544
FACB2,11545
FACB2,11546
FACB2,11547
FACB2,11548
FACB2,11549
FACB2,11550
FACB2,11551
FACB2,11552
FACB2,11553
FACB2,11554
FACB2,11555
FACB2,11556
FACB2,11557
FACB2,11558
FACB2,11559
FACB2,11560
FACB2,11561
FACB2,11562
FACB2,11563
FACB2,11564
FACB2,11565
FACB2,11566
FACB2,11567
FACB2,11568
FACB2,11569
FACB2,11570
FACB2,11571
FAECA,438
FAECA,439
FAECA,440
FAECA,441
FAECA,442
FAECA,443
FAECA,444
FACA2,3718
FACA2,3719
FACA2,3720
FACA2,3721
FACA2,3722
FACA2,3723
FACA2,3724
FACA2,3725
FACA2,3726
FACA2,3727
FACA2,3728
FACA2,3729
FACA2,3730
FACA2,3731
FACA2,3732
FACB2,11572
FACB2,11573
FACB2,11574
FACB2,11575
FACB2,11576
FACB2,11577
FACB2,11578
FACB2,11579
FACB2,11580
FACB2,11581
FACB2,11582
FACB2,11583
FACB2,11584
FACB2,11585
FACB2,11586
FACB2,11587
FACB2,11588
FACB2,11589
FACB2,11590
FACB2,11591
FACB2,11592
FACB2,11593
FACB2,11594
FACB2,11595
FACB2,11596
FACB2,11597
FACB2,11598
FACB2,11599
FACB2,11600
FACB2,11601
FACB2,11602
FACB2,11603
FACB2,11604
FACB2,11605
FACB2,11606
FAECA,445
FAECA,446
FAECA,447
FACA2,3733
FACA2,3734
FACA2,3735
FACA2,3736
FACA2,3737
FACA2,3738
FACA2,3739
FACA2,3740
FACA2,3741
FACA2,3742
FACA2,3743
FACA2,3744
FACA2,3745
FACA2,3746
FACA2,3747
FACA2,3748
FACA2,3749
FACA2,3750
FACA2,3751
FACA2,3752
FACA2,3753
FACA2,3754
FACA2,3755
FACA2,3756
FACA2,3757
FACB2,11607
FACB2,11608
FACB2,11609
FACB2,11610
FACB2,11611
FACB2,11612
FACB2,11613
FACB2,11614
FACB2,11615
FACB2,11616
FACB2,11617
FACB2,11618
FACB2,11619
FACB2,11620
FACB2,11621
FACB2,11622
FACB2,11623
FACB2,11624
FACB2,11625
FACB2,11626
FACB2,11627
FACB2,11628
FACB2,11629
FACB2,11630
FACB2,11631
FACB2,11632
FACB2,11633
FACB2,11634
FACB2,11635
FACB2,11636
FACB2,11637
FACB2,11638
FACB2,11639
FACB2,11640
FACB2,11641
FACB2,11642
FACB2,11643
FACB2,11644
FACB2,11645
FACB2,11646
FACB2,11647
FACB2,11648
FACB2,11649
FACB2,11650
FACB2,11651
FACB2,11652
FACB2,11653
FACB2,11654
FACB2,11655
FACB2,11656
FACB2,11657
FACB2,11658
FACB2,11659
FACB2,11660
FACB2,11661
FACB2,11662
FACB2,11663
FACB2,11664
FACB2,11665
FACB2,11666
FACB2,11667
FACB2,11668
FACB2,11669
FACB2,11670
FACB2,11671
FACB2,11672
FACB2,11673
FACB2,11674
FACB2,11675
FACB2,11676
FACB2,11677
FACB2,11678
FACB2,11679
FACB2,11680
FACB2,11681
FACB2,11682
FACB2,11683
FACB2,11684
FACB2,11685
FACB2,11686
FACB2,11687
FACB2,11688
FACB2,11689
FACB2,11690
FACB2,11691
FACB2,11692
FAECA,448
FAECA,449
FAECA,450
FACA2,3758
FACA2,3759
FACA2,3760
FACA2,3761
FACA2,3762
FACA2,3763
FACA2,3764
FACA2,3765
FACA2,3766
FACA2,3767
FACA2,3768
FACA2,3769
FACA2,3770
FACA2,3771
FACB2,11693
FACB2,11694
FACB2,11695
FACB2,11696
FACB2,11697
FACB2,11698
FACB2,11699
FACB2,11700
FACB2,11701
FACB2,11702
FACB2,11703
FACB2,11704
FACB2,11705
FACB2,11706
FACB2,11707
FACB2,11708
FACB2,11709
FACB2,11710
FACB2,11711
FACB2,11712
FACB2,11713
FACB2,11714
FACB2,11715
FACB2,11716
FACB2,11717
FACB2,11718
FACB2,11719
FACB2,11720
FACB2,11721
FACB2,11722
FACB2,11723
FACB2,11724
FACB2,11725
FACB2,11726
FACB2,11727
FACB2,11728
FACB2,11729
FACB2,11730
FACB2,11731
FACB2,11732
FACB2,11733
FACB2,11734
FACB2,11735
FACB2,11736
FACB2,11737
FACB2,11738
FACB2,11739
FACB2,11740
FACB2,11741
FACB2,11742
FACB2,11743
FACB2,11744
FACB2,11745
FACB2,11746
FAECA,451
FAECA,452
FAECA,453
FAECA,454
FACA2,3772
FACA2,3773
FACA2,3774
FACB2,11747
FACB2,11748
FACB2,11749
FACB2,11750
FACB2,11751
FACB2,11752
FACB2,11753
FACB2,11754
FACB2,11755
FACB2,11756
FACB2,11757
FACB2,11758
FACB2,11759
FACB2,11760
FACB2,11761
FACB2,11762
FACB2,11763
FACB2,11764
FACB2,11765
FACB2,11766
FAECA,455
FAECA,456
FACA2,3775
FACA2,3776
FACA2,3777
FACA2,3778
FACA2,3779
FACA2,3780
FACA2,3781
FACA2,3782
FACA2,3783
FACA2,3784
FACA2,3785
FACA2,3786
FACA2,3787
FACA2,3788
FACA2,3789
FACA2,3790
FACA2,3791
FACA2,3792
FACA2,3793
FACA2,3794
FACA2,3795
FACA2,3796
FACB2,11767
FACB2,11768
FACB2,11769
FACB2,11770
FACB2,11771
FACB2,11772
FACB2,11773
FACB2,11774
FACB2,11775
FACB2,11776
FACB2,11777
FACB2,11778
FACB2,11779
FACB2,11780
FACB2,11781
FACB2,11782
FACB2,11783
FACB2,11784
FACB2,11785
FACB2,11786
FACB2,11787
FACB2,11788
FACB2,11789
FACB2,11790
FACB2,11791
FACB2,11792
FACB2,11793
FACB2,11794
FACB2,11795
FACB2,11796
FACB2,11797
FACB2,11798
FACB2,11799
FACB2,11800
FACB2,11801
FACB2,11802
FACB2,11803
FACB2,11804
FACB2,11805
FACB2,11806
FACB2,11807
FACB2,11808
FACB2,11809
FACB2,11810
FACB2,11811
FACB2,11812
FACB2,11813
FACB2,11814
FACB2,11815
FACB2,11816
FACB2,11817
FACB2,11818
FACB2,11819
FACB2,11820
FACB2,11821
FACB2,11822
FACB2,11823
FACB2,11824
FACB2,11825
FACB2,11826
FACB2,11827
FACB2,11828
FACB2,11829
FACB2,11830
FACB2,11831
FACB2,11832
FACB2,11833
FACB2,11834
FACB2,11835
FAECA,457
FAECA,458
FAECA,459
FAECA,460
FAECA,461
FACA2,3797
FACA2,3798
FACA2,3799
FACA2,3800
FACA2,3801
FACA2,3802
FACA2,3803
FACA2,3804
FACA2,3805
FACA2,3806
FACA2,3807
FACB2,11836
FACB2,11837
FACB2,11838
FACB2,11839
FACB2,11840
FACB2,11841
FACB2,11842
FACB2,11843
FACB2,11844
FACB2,11845
FACB2,11846
FACB2,11847
FACB2,11848
FACB2,11849
FACB2,11850
FACB2,11851
FACB2,11852
FACB2,11853
FACB2,11854
FACB2,11855
FACB2,11856
FACB2,11857
FACB2,11858
FACB2,11859
FACB2,11860
FACB2,11861
FACB2,11862
FACB2,11863
FACB2,11864
FACB2,11865
FACB2,11866
FACB2,11867
FACB2,11868
FACB2,11869
FACB2,11870
FACB2,11871
FACB2,11872
FACB2,11873
FACB2,11874
FACB2,11875
FACB2,11876
FACB2,11877
FACB2,11878
FACB2,11879
FACB2,11880
FACB2,11881
FACB2,11882
FACB2,11883
FACB2,11884
FAECA,462
FAECA,463
FAECA,464
FACA2,3808
FACA2,3809
FACA2,3810
FACA2,3811
FACA2,3812
FACA2,3813
FACA2,3814
FACA2,3815
FACA2,3816
FACA2,3817
FACA2,3818
FACA2,3819
FACA2,3820
FACA2,3821
FACA2,3822
FACA2,3823
FACA2,3824
FACA2,3825
FACB2,11885
FACB2,11886
FACB2,11887
FACB2,11888
FACB2,11889
FACB2,11890
FACB2,11891
FACB2,11892
FACB2,11893
FACB2,11894
FACB2,11895
FACB2,11896
FACB2,11897
FACB2,11898
FACB2,11899
FACB2,11900
FACB2,11901
FACB2,11902
FACB2,11903
FACB2,11904
FACB2,11905
FACB2,11906
FACB2,11907
FACB2,11908
FACB2,11909
FACB2,11910
FACB2,11911
FACB2,11912
FACB2,11913
FACB2,11914
FACB2,11915
FACB2,11916
FACB2,11917
FACB2,11918
FACB2,11919
FACB2,11920
FACB2,11921
FACB2,11922
FACB2,11923
FACB2,11924
FACB2,11925
FACB2,11926
FACB2,11927
FACB2,11928
FACB2,11929
FACB2,11930
FACB2,11931
FACB2,11932
FACB2,11933
FACB2,11934
FACB2,11935
FACB2,11936
FACB2,11937
FACB2,11938
FACB2,11939
FACB2,11940
FACB2,11941
FACB2,11942
FACB2,11943
FACB2,11944
FAECA,465
FAECA,466
FACA2,3826
FACA2,3827
FACA2,3828
FACA2,3829
FACA2,3830
FACA2,3831
FACA2,3832
FACB2,11945
FACB2,11946
FACB2,11947
FACB2,11948
FACB2,11949
FACB2,11950
FACB2,11951
FACB2,11952
FACB2,11953
FACB2,11954
FACB2,11955
FAECA,467
FACA2,3833
FACA2,3834
FACA2,3835
FACA2,3836
FACA2,3837
FACA2,3838
FACA2,3839
FACA2,3840
FACA2,3841
FACA2,3842
FACA2,3843
FACB2,11956
FACB2,11957
FACB2,11958
FACB2,11959
FACB2,11960
FACB2,11961
FACB2,11962
FACB2,11963
FACB2,11964
FACB2,11965
FACB2,11966
FACB2,11967
FACB2,11968
FACB2,11969
FACB2,11970
FACB2,11971
FACB2,11972
FACB2,11973
FACB2,11974
FACB2,11975
FACB2,11976
FACB2,11977
FACB2,11978
FACB2,11979
FACB2,11980
FACB2,11981
FACB2,11982
FACB2,11983
FACB2,11984
FACB2,11985
FACB2,11986
FACB2,11987
FACB2,11988
FACB2,11989
FACB2,11990
FAECA,468
FAECA,469
FAECA,470
FACA2,3844
FACA2,3845
FACA2,3846
FACA2,3847
FACA2,3848
FACA2,3849
FACA2,3850
FACA2,3851
FACA2,3852
FACA2,3853
FACA2,3854
FACA2,3855
FACA2,3856
FACA2,3857
FACA2,3858
FACA2,3859
FACA2,3860
FACA2,3861
FACA2,3862
FACB2,11991
FACB2,11992
FACB2,11993
FACB2,11994
FACB2,11995
FACB2,11996
FACB2,11997
FACB2,11998
FACB2,11999
FACB2,12000
FACB2,12001
FACB2,12002
FACB2,12003
FACB2,12004
FACB2,12005
FACB2,12006
FACB2,12007
FACB2,12008
FACB2,12009
FACB2,12010
FACB2,12011
FACB2,12012
FACB2,12013
FACB2,12014
FACB2,12015
FACB2,12016
FACB2,12017
FACB2,12018
FACB2,12019
FACB2,12020
FACB2,12021
FACB2,12022
FACB2,12023
FACB2,12024
FACB2,12025
FACB2,12026
FACB2,12027
FACB2,12028
FACB2,12029
FACB2,12030
FACB2,12031
FACB2,12032
FACB2,12033
FACB2,12034
FACB2,12035
FACB2,12036
FACB2,12037
FACB2,12038
FACB2,12039
FACB2,12040
FACB2,12041
FACB2,12042
FACB2,12043
FACB2,12044
FACB2,12045
FACB2,12046
FACB2,12047
FACB2,12048
FACB2,12049
FACB2,12050
FACB2,12051
FACB2,12052
FACB2,12053
FACB2,12054
FACB2,12055
FACB2,12056
FACB2,12057
FACB2,12058
FACB2,12059
FACB2,12060
FACB2,12061
FACB2,12062
FACB2,12063
FACB2,12064
FACB2,12065
FACB2,12066
FACB2,12067
FACB2,12068
FACB2,12069
FACB2,12070
FACB2,12071
FACB2,12072
FACB2,12073
FACB2,12074
FAECA,471
FAECA,472
FAECA,473
FAECA,474
FAECA,475
FACA2,3863
FACA2,3864
FACA2,3865
FACA2,3866
FACA2,3867
FACA2,3868
FACA2,3869
FACA2,3870
FACA2,3871
FACA2,3872
FACA2,3873
FACA2,3874
FACA2,3875
FACA2,3876
FACA2,3877
FACA2,3878
FACA2,3879
FACA2,3880
FACB2,12075
FACB2,12076
FACB2,12077
FACB2,12078
FACB2,12079
FACB2,12080
FACB2,12081
FACB2,12082
FACB2,12083
FACB2,12084
FACB2,12085
FACB2,12086
FACB2,12087
FACB2,12088
FACB2,12089
FACB2,12090
FACB2,12091
FACB2,12092
FACB2,12093
FACB2,12094
FACB2,12095
FACB2,12096
FACB2,12097
FACB2,12098
FACB2,12099
FACB2,12100
FACB2,12101
FACB2,12102
FACB2,12103
FACB2,12104
FACB2,12105
FACB2,12106
FACB2,12107
FACB2,12108
FACB2,12109
FACB2,12110
FACB2,12111
FACB2,12112
FACB2,12113
FACB2,12114
FACB2,12115
FACB2,12116
FACB2,12117
FACB2,12118
FACB2,12119
FACB2,12120
FACB2,12121
FACB2,12122
FACB2,12123
FACB2,12124
FACB2,12125
FACB2,12126
FACB2,12127
FACB2,12128
FACB2,12129
FACB2,12130
FACB2,12131
FACB2,12132
FACB2,12133
FACB2,12134
FACB2,12135
FACB2,12136
FACB2,12137
FACB2,12138
FACB2,12139
FACB2,12140
FACB2,12141
FACB2,12142
FACB2,12143
FACB2,12144
FACB2,12145
FACB2,12146
FACB2,12147
FACB2,12148
FACB2,12149
FACB2,12150
FACB2,12151
FACB2,12152
FACB2,12153
FAECA,476
FAECA,477
FAECA,478
FAECA,479
FAECA,480
FACA2,3881
FACA2,3882
FACA2,3883
FACA2,3884
FACA2,3885
FACA2,3886
FACA2,3887
FACA2,3888
FACA2,3889
FACA2,3890
FACA2,3891
FACA2,3892
FACA2,3893
FACA2,3894
FACA2,3895
FACA2,3896
FACA2,3897
FACA2,3898
FACA2,3899
FACA2,3900
FACA2,3901
FACA2,3902
FACA2,3903
FACA2,3904
FACA2,3905
FACA2,3906
FACA2,3907
FACA2,3908
FACA2,3909
FACA2,3910
FACB2,12154
FACB2,12155
FACB2,12156
FACB2,12157
FACB2,12158
FACB2,12159
FACB2,12160
FACB2,12161
FACB2,12162
FACB2,12163
FACB2,12164
FACB2,12165
FACB2,12166
FACB2,12167
FACB2,12168
FACB2,12169
FACB2,12170
FACB2,12171
FACB2,12172
FACB2,12173
FACB2,12174
FACB2,12175
FACB2,12176
FACB2,12177
FACB2,12178
FACB2,12179
FACB2,12180
FACB2,12181
FACB2,12182
FACB2,12183
FACB2,12184
FACB2,12185
FACB2,12186
FACB2,12187
FACB2,12188
FACB2,12189
FACB2,12190
FACB2,12191
FACB2,12192
FACB2,12193
FACB2,12194
FACB2,12195
FACB2,12196
FACB2,12197
FACB2,12198
FACB2,12199
FACB2,12200
FACB2,12201
FACB2,12202
FACB2,12203
FACB2,12204
FACB2,12205
FACB2,12206
FACB2,12207
FACB2,12208
FACB2,12209
FACB2,12210
FACB2,12211
FACB2,12212
FACB2,12213
FACB2,12214
FACB2,12215
FACB2,12216
FACB2,12217
FACB2,12218
FACB2,12219
FACB2,12220
FACB2,12221
FACB2,12222
FACB2,12223
FACB2,12224
FACB2,12225
FACB2,12226
FACB2,12227
FACB2,12228
FACB2,12229
FACB2,12230
FACB2,12231
FACB2,12232
FACB2,12233
FACB2,12234
FACB2,12235
FACB2,12236
FACB2,12237
FACB2,12238
FACB2,12239
FACB2,12240
FACB2,12241
FACB2,12242
FACB2,12243
FACB2,12244
FACB2,12245
FACB2,12246
FACB2,12247
FACB2,12248
FACB2,12249
FACB2,12250
FACB2,12251
FAECA,481
FACA2,3911
FACA2,3912
FACA2,3913
FACA2,3914
FACA2,3915
FACA2,3916
FACA2,3917
FACA2,3918
FACA2,3919
FACA2,3920
FACA2,3921
FACA2,3922
FACA2,3923
FACA2,3924
FACA2,3925
FACA2,3926
FACB2,12252
FACB2,12253
FACB2,12254
FACB2,12255
FACB2,12256
FACB2,12257
FACB2,12258
FACB2,12259
FACB2,12260
FACB2,12261
FACB2,12262
FACB2,12263
FACB2,12264
FACB2,12265
FACB2,12266
FACB2,12267
FACB2,12268
FACB2,12269
FACB2,12270
FACB2,12271
FACB2,12272
FACB2,12273
FACB2,12274
FACB2,12275
FACB2,12276
FACB2,12277
FACB2,12278
FACB2,12279
FACB2,12280
FACB2,12281
FACB2,12282
FACB2,12283
FACB2,12284
FACB2,12285
FACB2,12286
FACB2,12287
FACB2,12288
FACB2,12289
FACB2,12290
FACB2,12291
FACB2,12292
FACB2,12293
FAECA,482
FAECA,483
FAECA,484
FAECA,485
FAECA,486
FAECA,487
FAECA,488
FACA2,3927
FACA2,3928
FACA2,3929
FACA2,3930
FACA2,3931
FACA2,3932
FACA2,3933
FACA2,3934
FACA2,3935
FACA2,3936
FACA2,3937
FACA2,3938
FACA2,3939
FACA2,3940
FACA2,3941
FACA2,3942
FACA2,3943
FACA2,3944
FACA2,3945
FACA2,3946
FACA2,3947
FACA2,3948
FACA2,3949
FACA2,3950
FACA2,3951
FACA2,3952
FACB2,12294
FACB2,12295
FACB2,12296
FACB2,12297
FACB2,12298
FACB2,12299
FACB2,12300
FACB2,12301
FACB2,12302
FACB2,12303
FACB2,12304
FACB2,12305
FACB2,12306
FACB2,12307
FACB2,12308
FACB2,12309
FACB2,12310
FACB2,12311
FACB2,12312
FACB2,12313
FACB2,12314
FACB2,12315
FACB2,12316
FACB2,12317
FACB2,12318
FACB2,12319
FACB2,12320
FACB2,12321
FACB2,12322
FACB2,12323
FACB2,12324
FACB2,12325
FACB2,12326
FACB2,12327
FACB2,12328
FACB2,12329
FACB2,12330
FACB2,12331
FACB2,12332
FACB2,12333
FACB2,12334
FACB2,12335
FACB2,12336
FACB2,12337
FACB2,12338
FACB2,12339
FACB2,12340
FACB2,12341
FACB2,12342
FACB2,12343
FACB2,12344
FACB2,12345
FACB2,12346
FACB2,12347
FACB2,12348
FACB2,12349
FACB2,12350
FACB2,12351
FACB2,12352
FACB2,12353
FACB2,12354
FACB2,12355
FACB2,12356
FACB2,12357
FACB2,12358
FACB2,12359
FACB2,12362
FACB2,12363
FACB2,12364
FACB2,12365
FACB2,12366
FACB2,12367
FACB2,12368
FAECA,489
FAECA,490
FAECA,491
FACA2,3953
FACA2,3954
FACA2,3955
FACA2,3956
FACA2,3957
FACA2,3958
FACA2,3959
FACA2,3960
FACA2,3961
FACA2,3962
FACA2,3963
FACA2,3964
FACA2,3965
FACA2,3966
FACA2,3967
FACA2,3968
FACA2,3969
FACA2,3970
FACA2,3971
FACA2,3972
FACA2,3973
FACA2,3974
FACA2,3975
FACA2,3976
FACA2,3977
FACA2,3978
FACA2,3979
FACA2,3980
FACA2,3981
FACA2,3982
FACA2,3983
FACA2,3984
FACA2,3985
FACA2,3986
FACA2,3987
FACA2,3988
FACA2,3989
FACA2,3990
FACA2,3991
FACA2,3992
FACA2,3993
FACA2,3994
FACA2,3995
FACA2,3996
FACA2,3997
FACA2,3998
FACA2,3999
FACA2,4000
FACB2,12370
FACB2,12371
FACB2,12372
FACB2,12373
FACB2,12374
FACB2,12375
FACB2,12376
FACB2,12377
FACB2,12378
FACB2,12379
FACB2,12380
FACB2,12381
FACB2,12382
FACB2,12383
FACB2,12384
FACB2,12385
FACB2,12386
FACB2,12387
FACB2,12388
FACB2,12389
FACB2,12390
FACB2,12391
FACB2,12392
FACB2,12393
FACB2,12394
FACB2,12395
FACB2,12396
FACB2,12397
FACB2,12398
FACB2,12399
FACB2,12400
FACB2,12401
FACB2,12402
FACB2,12403
FACB2,12404
FACB2,12405
FACB2,12406
FACB2,12407
FACB2,12408
FACB2,12409
FACB2,12410
FACB2,12411
FACB2,12412
FACB2,12413
FACB2,12414
FACB2,12415
FACB2,12416
FACB2,12417
FACB2,12418
FACB2,12419
FACB2,12420
FACB2,12421
FACB2,12422
FACB2,12423
FACB2,12424
FACB2,12425
FACB2,12426
FACB2,12427
FACB2,12428
FACB2,12429
FACB2,12430
FACB2,12431
FACB2,12432
FACB2,12433
FACB2,12434
FACB2,12435
FACB2,12436
FACB2,12437
FACB2,12438
FACB2,12439
FACB2,12440
FACB2,12441
FACB2,12442
FACB2,12443
FACB2,12444
FACB2,12445
FACB2,12446
FACB2,12447
FACB2,12448
FACB2,12449
FACB2,12450
FACB2,12451
FACB2,12452
FACB2,12453
FACB2,12454
FACB2,12455
FACB2,12456
FACB2,12457
FACB2,12458
FACB2,12459
FACB2,12460
FACB2,12461
FACB2,12462
FACB2,12463
FACB2,12464
FACB2,12465
FACB2,12466
FACB2,12467
FACB2,12468
FACB2,12469
FACB2,12470
FACB2,12471
FACB2,12472
FACB2,12473
FACB2,12474
FACB2,12475
FACB2,12476
FACB2,12477
FACB2,12478
FACB2,12479
FACB2,12480
FACB2,12481
FACB2,12482
FACB2,12483
FACB2,12484
FACB2,12485
FACB2,12486
FACB2,12487
FACB2,12488
FACB2,12489
FACB2,12490
FACB2,12491
FACB2,12492
FACB2,12493
FACB2,12494
FACB2,12495
FACB2,12496
FACB2,12497
FACB2,12498
FACB2,12499
FAECA,492
FAECA,493
FACA2,4001
FACA2,4002
FACA2,4003
FACA2,4004
FACA2,4005
FACA2,4006
FACA2,4007
FACA2,4008
FACA2,4009
FACA2,4010
FACA2,4011
FACA2,4012
FACA2,4013
FACA2,4014
FACA2,4015
FACA2,4016
FACA2,4017
FACA2,4018
FACA2,4019
FACA2,4020
FACA2,4021
FACA2,4022
FACA2,4023
FACA2,4024
FACA2,4025
FACA2,4026
FACA2,4027
FACB2,12500
FACB2,12501
FACB2,12502
FACB2,12503
FACB2,12504
FACB2,12505
FACB2,12506
FACB2,12507
FACB2,12508
FACB2,12509
FACB2,12510
FACB2,12511
FACB2,12512
FACB2,12513
FACB2,12514
FACB2,12515
FACB2,12516
FACB2,12517
FACB2,12518
FACB2,12519
FACB2,12520
FACB2,12521
FACB2,12522
FACB2,12523
FACB2,12524
FACB2,12525
FACB2,12526
FACB2,12527
FACB2,12528
FACB2,12529
FACB2,12530
FACB2,12531
FACB2,12532
FACB2,12533
FACB2,12534
FACB2,12535
FACB2,12536
FACB2,12537
FACB2,12538
FACB2,12539
FACB2,12540
FACB2,12541
FACB2,12542
FACB2,12543
FACB2,12544
FACB2,12545
FACB2,12546
FACB2,12547
FACB2,12548
FACB2,12549
FACB2,12550
FACB2,12551
FACB2,12552
FACB2,12553
FACB2,12554
FACB2,12555
FACB2,12556
FACB2,12557
FACB2,12558
FACB2,12559
FACB2,12560
FACB2,12561
FACB2,12562
FACB2,12563
FACB2,12564
FACB2,12565
FACA2,4028
FACA2,4029
FACA2,4030
FACA2,4031
FACA2,4032
FACA2,4033
FACA2,4034
FACA2,4035
FACA2,4036
FACA2,4037
FACA2,4038
FACB2,12566
FACB2,12567
FACB2,12568
FACB2,12569
FACB2,12570
FACB2,12571
FACB2,12572
FACB2,12573
FACB2,12574
FACB2,12575
FACB2,12576
FACB2,12577
FACB2,12578
FACB2,12579
FACB2,12580
FACB2,12581
FACB2,12582
FACB2,12583
FACB2,12584
FACB2,12585
FACB2,12586
FACB2,12587
FACB2,12588
FACB2,12589
FACB2,12590
FACB2,12591
FACB2,12592
FACB2,12595
FACB2,12596
FACB2,12597
FACB2,12598
FACB2,12599
FACB2,12600
FACB2,12601
FACA2,4039
FACA2,4040
FACA2,4041
FACA2,4042
FACA2,4043
FACA2,4044
FACA2,4045
FACA2,4046
FACA2,4047
FACA2,4048
FACA2,4049
FACA2,4050
FACA2,4051
FACA2,4052
FACA2,4053
FACA2,4054
FACA2,4055
FACA2,4056
FACA2,4057
FACA2,4058
FACA2,4059
FACB2,12602
FACB2,12603
FACB2,12604
FACB2,12605
FACB2,12606
FACB2,12607
FACB2,12608
FACB2,12609
FACB2,12610
FACB2,12611
FACB2,12612
FACB2,12613
FACB2,12614
FACB2,12615
FACB2,12616
FACB2,12617
FACB2,12618
FACB2,12619
FACB2,12620
FACB2,12621
FACB2,12622
FACB2,12623
FACB2,12624
FACB2,12625
FACB2,12626
FACB2,12627
FACB2,12628
FACB2,12629
FACB2,12630
FACB2,12631
FACB2,12632
FACB2,12633
FACB2,12634
FACB2,12635
FACB2,12636
FACB2,12637
FACB2,12638
FACB2,12639
FACB2,12640
FACB2,12641
FACB2,12642
FACB2,12643
FACB2,12644
FACB2,12645
FACB2,12646
FACB2,12647
FACB2,12648
FACB2,12649
FACB2,12650
FACB2,12651
FACB2,12652
FACB2,12653
FACB2,12654
FACB2,12655
FACB2,12656
FACB2,12657
FACB2,12658
FACB2,12659
FACB2,12660
FACB2,12661
FACB2,12662
FACB2,12663
FACB2,12664
FAECA,494
FAECA,495
FAECA,496
FACA2,4060
FACA2,4061
FACA2,4062
FACB2,12665
FACB2,12666
FACB2,12667
FACB2,12668
FACA2,4063
FACA2,4064
FACA2,4065
FACA2,4066
FACA2,4067
FACA2,4068
FACA2,4069
FACA2,4070
FACA2,4071
FACA2,4072
FACA2,4073
FACA2,4074
FACA2,4075
FACA2,4076
FACA2,4077
FACA2,4078
FACA2,4079
FACB2,12669
FACB2,12670
FACB2,12671
FACB2,12672
FACB2,12673
FACB2,12674
FACB2,12675
FACB2,12676
FACB2,12677
FACB2,12678
FACB2,12679
FACB2,12680
FACB2,12681
FACB2,12682
FACB2,12683
FACB2,12684
FACB2,12685
FACB2,12686
FACB2,12687
FACB2,12688
FACB2,12689
FACB2,12690
FACB2,12691
FACB2,12692
FACB2,12693
FACB2,12694
FACB2,12695
FACB2,12696
FACB2,12697
FACB2,12698
FACB2,12699
FACB2,12700
FACB2,12701
FACB2,12702
FACB2,12703
FACB2,12704
FACB2,12705
FACB2,12706
FACB2,12707
FACB2,12708
FACB2,12709
FACB2,12710
FACB2,12711
FACB2,12712
FACB2,12713
FACB2,12714
FACB2,12715
FACB2,12716
FACB2,12717
FACB2,12718
FACB2,12719
FACB2,12720
FACB2,12721
FACB2,12722
FACB2,12723
FACB2,12724
FACB2,12725
FACB2,12726
FACB2,12727
FACB2,12728
FACB2,12729
FACB2,12730
FAECA,497
FAECA,498
FAECA,499
FAECA,500
FAECA,501
FAECA,502
FACA2,4080
FACA2,4081
FACA2,4082
FACA2,4083
FACA2,4084
FACA2,4085
FACA2,4086
FACA2,4087
FACA2,4088
FACA2,4089
FACB2,12731
FACB2,12732
FACB2,12733
FACB2,12734
FACB2,12735
FACB2,12736
FACB2,12737
FACB2,12738
FACB2,12739
FACB2,12740
FACB2,12741
FACB2,12742
FACB2,12743
FACB2,12744
FACB2,12745
FACB2,12746
FACB2,12747
FACB2,12748
FACB2,12749
FACB2,12752
FACB2,12753
FACB2,12756
FACB2,12757
FACB2,12758
FACB2,12759
FACB2,12760
FACB2,12761
FACB2,12762
FACB2,12763
FACB2,12764
FACB2,12765
FACB2,12766
FACB2,12767
FACB2,12768
FACB2,12769
FACB2,12770
FACB2,12771
FACB2,12772
FACB2,12773
FAECA,503
FAECA,504
FACA2,4090
FACA2,4091
FACA2,4092
FACA2,4093
FACA2,4094
FACA2,4095
FACA2,4096
FACA2,4097
FACA2,4098
FACB2,12774
FACB2,12775
FACB2,12776
FACB2,12777
FACB2,12778
FACB2,12779
FACB2,12780
FACB2,12781
FACB2,12782
FACB2,12783
FACB2,12784
FACB2,12785
FACB2,12786
FACB2,12787
FACB2,12788
FACB2,12789
FACB2,12790
FACB2,12791
FACB2,12792
FACB2,12793
FACB2,12794
FACB2,12795
FACB2,12796
FACB2,12797
FACB2,12798
FACB2,12799
FACB2,12800
FACB2,12801
FACB2,12802
FACB2,12803
FACB2,12804
FACB2,12805
FACB2,12806
FACB2,12807
FACB2,12808
FACB2,12809
FACB2,12810
FACB2,12811
FACB2,12812
FACB2,12813
FACB2,12814
FACB2,12815
FACB2,12816
FACB2,12817
FACB2,12818
FACB2,12819
FACB2,12820
FACB2,12821
FACB2,12822
FACB2,12823
FACB2,12824
FACB2,12825
FACB2,12826
FACB2,12827
FACB2,12828
FACB2,12829
FACB2,12830
FACB2,12831
FAECA,505
FAECA,506
FAECA,507
FACA2,4099
FACA2,4100
FACA2,4101
FACA2,4102
FACA2,4103
FACA2,4104
FACA2,4105
FACA2,4106
FACA2,4107
FACA2,4108
FACA2,4109
FACA2,4110
FACA2,4111
FACA2,4112
FACA2,4113
FACA2,4114
FACA2,4115
FACA2,4116
FACA2,4117
FACA2,4118
FACA2,4119
FACB2,12832
FACB2,12833
FACB2,12834
FACB2,12835
FACB2,12836
FACB2,12837
FACB2,12838
FACB2,12839
FACB2,12840
FACB2,12841
FACB2,12842
FACB2,12843
FACB2,12844
FACB2,12845
FACB2,12846
FACB2,12847
FACB2,12848
FACB2,12849
FACB2,12850
FACB2,12851
FACB2,12852
FACB2,12853
FACB2,12854
FACB2,12855
FACB2,12856
FACB2,12857
FACB2,12858
FACB2,12859
FACB2,12860
FACB2,12861
FACB2,12862
FACB2,12863
FACB2,12864
FACB2,12865
FACB2,12866
FACB2,12867
FACB2,12868
FACB2,12869
FACB2,12870
FACB2,12871
FACB2,12872
FACB2,12873
FACB2,12874
FACB2,12875
FACB2,12876
FACB2,12877
FACB2,12878
FACB2,12879
FACB2,12880
FACB2,12881
FACB2,12882
FACB2,12883
FACB2,12884
FACB2,12885
FACB2,12886
FACB2,12887
FACB2,12888
FACB2,12889
FACB2,12890
FACB2,12891
FACB2,12892
FACB2,12893
FACB2,12894
FACB2,12895
FACB2,12896
FACB2,12897
FACB2,12898
FAECA,508
FAECA,509
FAECA,510
FAECA,511
FAECA,512
FAECA,513
FAECA,514
FACA2,4120
FACA2,4121
FACA2,4122
FACA2,4123
FACA2,4124
FACA2,4125
FACA2,4126
FACA2,4127
FACA2,4128
FACB2,12899
FACB2,12900
FACB2,12901
FACB2,12902
FACB2,12903
FACB2,12904
FACB2,12905
FACB2,12906
FACB2,12907
FACB2,12908
FACB2,12909
FACB2,12910
FACB2,12911
FACB2,12912
FACB2,12913
FACB2,12914
FACB2,12915
FACB2,12916
FACB2,12917
FACB2,12918
FACB2,12919
FACB2,12920
FACB2,12921
FACB2,12922
FACB2,12923
FACB2,12924
FACB2,12925
FACB2,12926
FACB2,12927
FACB2,12928
FACB2,12929
FACB2,12930
FACB2,12931
FACB2,12932
FACB2,12933
FACB2,12934
FACB2,12935
FACB2,12936
FACB2,12937
FAECA,515
FACA2,4129
FACA2,4130
FACA2,4131
FACA2,4132
FACA2,4133
FACA2,4134
FACA2,4135
FACA2,4136
FACA2,4137
FACA2,4138
FACA2,4139
FACA2,4140
FACA2,4141
FACA2,4142
FACA2,4143
FACA2,4144
FACA2,4145
FACA2,4146
FACA2,4147
FACA2,4148
FACA2,4149
FACA2,4150
FACA2,4151
FACA2,4152
FACA2,4153
FACA2,4154
FACA2,4155
FACB2,12938
FACB2,12939
FACB2,12940
FACB2,12941
FACB2,12942
FACB2,12943
FACB2,12944
FACB2,12945
FACB2,12946
FACB2,12947
FACB2,12948
FACB2,12949
FACB2,12950
FACB2,12951
FACB2,12952
FACB2,12953
FACB2,12954
FACB2,12955
FACB2,12956
FACB2,12957
FACB2,12958
FACB2,12959
FACB2,12960
FACB2,12961
FACB2,12962
FACB2,12963
FACB2,12964
FACB2,12965
FACB2,12966
FACB2,12967
FACB2,12968
FACB2,12969
FACB2,12970
FACB2,12971
FACB2,12972
FACB2,12973
FACB2,12974
FACB2,12975
FACB2,12976
FACB2,12977
FACB2,12978
FACB2,12979
FACB2,12980
FACB2,12981
FACB2,12982
FACB2,12983
FACB2,12984
FACB2,12985
FACB2,12986
FACB2,12987
FACB2,12988
FACB2,12989
FACB2,12990
FACB2,12991
FACB2,12992
FACB2,12993
FACB2,12994
FACB2,12995
FACB2,12996
FACB2,12997
FACB2,12998
FACB2,12999
FACB2,13000
FACB2,13001
FACB2,13002
FACB2,13003
FACB2,13004
FACB2,13005
FACB2,13006
FACB2,13007
FACB2,13008
FACB2,13009
FACB2,13010
FACB2,13011
FACB2,13012
FACB2,13013
FACB2,13014
FACB2,13015
FACB2,13016
FACB2,13017
FACB2,13018
FACB2,13019
FACB2,13020
FACB2,13021
FACB2,13022
FACB2,13023
FACB2,13024
FACB2,13025
FACB2,13026
FACB2,13027
FAECA,516
FAECA,517
FAECA,518
FAECA,519
FAECA,520
FAECA,521
FAECA,522
FAECA,523
FAECA,524
FACA2,4156
FACA2,4157
FACA2,4158
FACA2,4159
FACA2,4160
FACA2,4161
FACA2,4162
FACA2,4163
FACA2,4164
FACA2,4165
FACA2,4166
FACA2,4167
FACA2,4168
FACA2,4169
FACA2,4170
FACA2,4171
FACA2,4172
FACA2,4173
FACA2,4174
FACA2,4175
FACA2,4176
FACA2,4177
FACA2,4178
FACA2,4179
FACA2,4180
FACA2,4181
FACA2,4182
FACA2,4183
FACA2,4184
FACA2,4185
FACA2,4186
FACA2,4187
FACA2,4188
FACA2,4189
FACA2,4190
FACA2,4191
FACA2,4192
FACB2,13028
FACB2,13029
FACB2,13030
FACB2,13031
FACB2,13032
FACB2,13033
FACB2,13034
FACB2,13035
FACB2,13036
FACB2,13037
FACB2,13038
FACB2,13039
FACB2,13040
FACB2,13041
FACB2,13042
FACB2,13043
FACB2,13044
FACB2,13045
FACB2,13046
FACB2,13047
FACB2,13048
FACB2,13049
FACB2,13050
FACB2,13051
FACB2,13052
FACB2,13053
FACB2,13054
FACB2,13055
FACB2,13056
FACB2,13057
FACB2,13058
FACB2,13059
FACB2,13060
FACB2,13061
FACB2,13062
FACB2,13063
FACB2,13064
FACB2,13065
FACB2,13066
FACB2,13067
FACB2,13068
FACB2,13069
FACB2,13070
FACB2,13071
FACB2,13072
FACB2,13073
FACB2,13074
FACB2,13075
FACB2,13076
FACB2,13077
FACB2,13078
FACB2,13079
FACB2,13080
FACB2,13081
FACB2,13082
FACB2,13083
FACB2,13084
FACB2,13085
FACB2,13086
FACB2,13087
FACB2,13088
FACB2,13089
FACB2,13090
FACB2,13091
FACB2,13092
FACB2,13093
FACB2,13094
FACB2,13095
FACB2,13096
FACB2,13097
FACB2,13098
FACB2,13099
FACB2,13100
FACB2,13101
FACB2,13102
FACB2,13103
FACB2,13104
FACB2,13105
FACB2,13106
FACB2,13107
FACB2,13108
FACB2,13109
FACB2,13110
FACB2,13111
FACB2,13112
FACB2,13113
FACB2,13114
FACB2,13115
FACB2,13116
FACB2,13117
FACB2,13118
FACB2,13119
FACB2,13120
FAECA,525
FAECA,526
FAECA,527
FAECA,528
FAECA,529
FACA2,4193
FACA2,4194
FACA2,4195
FACA2,4196
FACA2,4197
FACA2,4198
FACA2,4199
FACA2,4200
FACA2,4201
FACA2,4202
FACA2,4203
FACA2,4204
FACA2,4205
FACA2,4206
FACA2,4207
FACA2,4208
FACA2,4209
FACA2,4210
FACA2,4211
FACA2,4212
FACA2,4213
FACA2,4214
FACA2,4215
FACA2,4216
FACA2,4217
FACA2,4218
FACA2,4219
FACA2,4220
FACB2,13121
FACB2,13122
FACB2,13123
FACB2,13124
FACB2,13125
FACB2,13126
FACB2,13127
FACB2,13128
FACB2,13129
FACB2,13130
FACB2,13131
FACB2,13132
FACB2,13133
FACB2,13134
FACB2,13135
FACB2,13136
FACB2,13137
FACB2,13138
FACB2,13139
FACB2,13140
FACB2,13141
FACB2,13142
FACB2,13143
FACB2,13144
FACB2,13145
FACB2,13146
FACB2,13147
FACB2,13148
FACB2,13149
FACB2,13150
FACB2,13151
FACB2,13152
FACB2,13153
FACB2,13154
FACB2,13155
FACB2,13156
FACB2,13157
FACB2,13158
FACB2,13159
FACB2,13160
FACB2,13161
FACB2,13162
FACB2,13163
FACB2,13164
FACB2,13165
FACB2,13166
FACB2,13167
FACB2,13168
FACB2,13169
FACB2,13170
FACB2,13171
FACB2,13172
FACB2,13173
FACB2,13174
FACB2,13175
FACB2,13176
FACB2,13177
FACB2,13178
FACB2,13179
FACB2,13180
FACB2,13181
FACB2,13182
FACB2,13183
FACB2,13184
FACB2,13185
FACB2,13186
FACB2,13187
FACB2,13188
FACB2,13189
FACB2,13190
FACB2,13191
FACB2,13192
FACB2,13193
FACB2,13194
FACB2,13195
FACB2,13196
FAECA,530
FAECA,531
FAECA,532
FAECA,533
FAECA,534
FAECA,535
FACB2,13199
FACB2,13200
FACB2,13201
FACB2,13207
FACB2,13212
FAECA,536
FAECA,537
FAECA,538
